h3_index,count,avg_price,median_price,min_price,max_price,polygon_str,landmark_count
89254610157ffff,1,350.0,350.0,350,350,"51.95063728648781,104.73486124108072;51.948798618017335,104.73495169582166;51.94792252963404,104.73738613982832;51.94888504308452,104.73973018735639;51.95072367631121,104.73963992991949;51.95159983133311,104.73720542765373",0
8925461223bffff,1,354807.0,354807.0,354807,354807,"51.98829406130547,104.68033665029935;51.98645501400667,104.68042943574443;51.98557945217505,104.68286812880773;51.986542871011196,104.68521409516597;51.988381883198706,104.68512150751933;51.989257511663276,104.68268275571928",0
8925469846bffff,1,80000.0,80000.0,80000,80000,"52.22690814390555,104.44169170150678;52.22506755092837,104.44179491300542;52.22419359197174,104.4442562655741;52.22516015939556,104.44661446769193;52.227000717852384,104.44651145681507;52.2278747434077,104.4440500432018",0
8925469a027ffff,1,378000.0,378000.0,378000,378000,"52.274162985371284,104.45594319851621;52.272322538589336,104.45604592372881;52.27144786188492,104.45850927340602;52.27241356536838,104.46086995894558;52.27425397759956,104.46076743473243;52.27512872090001,104.45830402398347",0
8925469a247ffff,1,800.0,800.0,800,800,"52.25133908909759,104.41859415853975;52.24949835406402,104.41869838898542;52.24862454196902,104.42116201669542;52.24959139831458,104.42352147523688;52.25143209888571,104.42341744569967;52.252305977575645,104.42095375671566",1
8925469a25bffff,1,750.0,750.0,750,750,"52.25115246809055,104.40894703687248;52.24931166416709,104.4090516691761;52.24843801809588,104.41151568020699;52.24940510935587,104.41387512027916;52.25124587884022,104.41377068891134;52.252119591505654,104.41130661653868",2
8925469a26fffff,3,24066.666666666668,1200.0,1000,70000,"52.246002906951034,104.42855201056828;52.24416223787612,104.42865581352075;52.24328831006788,104.43111874371311;52.24425498474035,104.43347793214531;52.2460956193283,104.43337433002391;52.24696961373269,104.43091133864239",3
8925469a27bffff,1,45000.0,45000.0,45000,45000,"52.24862454196902,104.42116201669542;52.24678382267106,104.42126613380142;52.24590999418559,104.42372950856917;52.246876818404644,104.42608882748256;52.24871750323371,104.42598491125315;52.24959139831458,104.42352147523688",0
8925469a617ffff,1,1000.0,1000.0,1000,1000,"52.278764404576165,104.40737651585034;52.276923616082115,104.40748127774985;52.27604971945263,104.40994686143154;52.27701654472723,104.41230774464482;52.27885729878831,104.41220318393194;52.27973126200973,104.40973753882224",0
8925469aed7ffff,1,150.0,150.0,150,150,"52.26357428377049,104.48067274370973;52.26173400368944,104.4807744137188;52.260859013309364,104.48323617513721;52.26182423641365,104.48559632741788;52.263664481883275,104.48549485823936;52.264539538862,104.48303303595281",0
8925469b19bffff,1,439000.0,439000.0,439000,439000,"52.24544242372909,104.39961426245102;52.243601547977086,104.39971927067648;52.242728118131566,104.40218335055839;52.243695497446105,104.4045424836102;52.24553633878109,104.40443767629766;52.24640983522051,104.40197353502353",3
8925469b1a7ffff,1,1100.0,1100.0,1100,1100,"52.24310238110497,104.42147434225106;52.24126165884442,104.42157843359678;52.24038788058246,104.42404149422816;52.241354757987104,104.42640052474829;52.24319544577754,104.42629663422908;52.24406929063536,104.42383351236637",0
8925469b403ffff,1,999.0,999.0,999,999,"52.255635250663175,104.35555425857694;52.25379407171036,104.35566112852395;52.25292129005991,104.35812756110066;52.25388962077481,104.36048718546506;52.255730765418164,104.36038051665358;52.25660361365806,104.35791402234524",0
8925469b413ffff,1,43200.0,43200.0,43200,43200,"52.25834921023034,104.35298058904515;52.25650801565581,104.35308757280706;52.255635250663175,104.35555425857694;52.25660361365806,104.35791402234524;52.25844477392959,104.35780723975071;52.25931760551121,104.35534049222358",2
8925469b417ffff,3,46666.666666666664,31500.0,18500,90000,"52.25844477392959,104.35780723975071;52.25660361365806,104.35791402234524;52.255730765418164,104.36038051665358;52.25669901086238,104.36274029009383;52.25854013681923,104.36263370865314;52.25941305164852,104.36016715262146",2
8925469b41bffff,1,70000.0,70000.0,70000,70000,"52.25553953510463,104.35072781874658;52.253698321854046,104.35083488984266;52.25282562345043,104.35330151384706;52.25379407171036,104.35566112852395;52.255635250663175,104.35555425857694;52.25650801565581,104.35308757280706",3
8925469b423ffff,1,120000.0,120000.0,120000,120000,"52.253112020978314,104.36777911026213;52.2512709263029,104.36788546423145;52.250397961606666,104.37035126075293;52.2513660249971,104.37271076494645;52.25320708533318,104.37260461205364;52.25408011662013,104.37013875389394",1
8925469b43bffff,8,36150.0,18750.0,1000,107000,"52.253016755894876,104.36295342659174;52.25117562689184,104.36305998165113;52.25030274539001,104.36552596963335;52.2512709263029,104.36788546423145;52.253112020978314,104.36777911026213;52.2539849690704,104.3653130606078",4
8925469b447ffff,2,34950.0,34950.0,30000,39900,"52.25001589231308,104.3510490055308;52.24817467603038,104.351156050125;52.24730202755888,104.35362235921372;52.248270528782555,104.35598168545944;52.25011171076624,104.35587484196412;52.25098442582722,104.35340847112731",10
8925469b45bffff,1,1530.0,1530.0,1530,1530,"52.2498236530094,104.34139678775782;52.24798236816369,104.34150423459043;52.24710988620154,104.3439709263767;52.24807862249841,104.34633023314927;52.24991987306849,104.3462229874426;52.25079242161929,104.34375623384051",3
8925469b473ffff,2,195800.0,195800.0,1600,390000,"52.25011171076624,104.35587484196412;52.248270528782555,104.35598168545944;52.247397797082364,104.3584478031659;52.24836618077793,104.36080713909436;52.25020732845087,104.36070049668437;52.25108012674095,104.35823431726368",0
8925469b4b3ffff,2,2170.0,2170.0,550,3790,"52.26406350853634,104.36231391155101;52.26222238566003,104.3624205193828;52.261349404241386,104.36488713712963;52.26231747911162,104.36724720875455;52.26415856766281,104.3671408021132;52.265031615670836,104.36467412265958",0
8925469b4c3ffff,1,250.0,250.0,250,250,"52.25815748031112,104.34332674245732;52.25631621716567,104.3434341285947;52.25544361871954,104.3459011972207;52.2564122168327,104.34826094153745;52.258253445698536,104.34815375659454;52.259126110732794,104.34568662614353",2
8925469b4cbffff,3,347166.6666666667,2100.0,1900,1037500,"52.25534750148493,104.34107439405759;52.25350621967384,104.34118186749247;52.25263368781594,104.34364887428522;52.25360237118287,104.34600846947943;52.25544361871954,104.3459011972207;52.25631621716567,104.3434341285947",0
8925469b4dbffff,1,770.0,770.0,770,770,"52.25806131404513,104.33849954669162;52.25622001663178,104.33860713403706;52.25534750148493,104.34107439405759;52.25631621716567,104.3434341285947;52.25815748031112,104.34332674245732;52.25903006204572,104.34085942057789",0
8925469b50fffff,2,50000.0,50000.0,20000,80000,"52.2535853359277,104.3919047992676;52.25174441306558,104.39201014799025;52.250871032657436,104.3944749868737;52.251838508520706,104.39683453850655;52.253679396985135,104.39672939079243;52.254552843985934,104.3942644904401",0
8925469b52bffff,5,14940.0,12000.0,700,30000,"52.25096504502221,104.39929918579561;52.24912417225547,104.39940422001168;52.24825069227743,104.40186861427468;52.24921801847463,104.40422803573423;52.251058856825566,104.40412320248123;52.251932403397056,104.40165874680875",0
89257160187ffff,1,90000.0,90000.0,90000,90000,"52.35616158622042,104.13156126128366;52.354318940726536,104.13167774385232;52.353448992547214,104.13415880500673;52.35442162330432,104.13652344719505;52.35626423504293,104.13640716732529;52.35713424978173,104.13392604257139",0
892571601a7ffff,3,153333.33333333334,130000.0,50000,280000,"52.35365398653284,104.14384964916316;52.35181142357424,104.14396561061254;52.35094128893442,104.1464460343148;52.35191365069417,104.14881056007579;52.35375617986723,104.14869480126667;52.35462638106808,104.14621431405932",3
892571601afffff,1,35000.0,35000.0,35000,35000,"52.35083894371764,104.14160109616653;52.3489963620039,104.14171714453421;52.34812629392511,104.14419750472328;52.349098741001015,104.14656188006087;52.35094128893442,104.1464460343148;52.35181142357424,104.14396561061254",1
89257160813ffff,1,50000.0,50000.0,50000,50000,"52.33225709442666,104.17913582418335;52.330414753563325,104.17925025377116;52.32954422505355,104.18172806628304;52.33051597084261,104.18409151240438;52.33235827783226,104.18397728516078;52.333228872908535,104.18149940945466",0
89257160867ffff,1,500.0,500.0,500,500,"52.32140560265587,104.18950257386804;52.319563322438256,104.18961654221671;52.318692723865816,104.1920933370534;52.319664338944555,104.19445622663467;52.3215065852622,104.19434246050226;52.32237725040305,104.19186560257535",0
89257160873ffff,1,600.0,600.0,600,600,"52.324017244326285,104.18207098061616;52.32217491504723,104.18218526648937;52.32130441803689,104.1846625069388;52.32227618374016,104.18702552466843;52.32411847913755,104.18691144105684;52.32498904271535,104.18443413745707",0
89257160987ffff,1,54040.0,54040.0,54040,54040,"52.33858710541721,104.21752397023391;52.33674503947367,104.2176368094367;52.335873789417235,104.22011340822723;52.33684453873631,104.2224772307574;52.338686570713236,104.2223645938423;52.33955788733971,104.21988793211246",0
8925716098fffff,1,150000.0,150000.0,150000,150000,"52.3357741721923,104.21527299766205;52.333932087465094,104.21538592400269;52.33306090397867,104.21786245984582;52.33403173865142,104.22022613229876;52.335873789417235,104.22011340822723;52.33674503947367,104.2176368094367",1
892571609c3ffff,1,80000.0,80000.0,80000,80000,"52.33276099062079,104.20334132531895;52.33091881924378,104.2034547433194;52.33004787035675,104.20593159907077;52.331019026279684,104.20829509984856;52.33286116372408,104.20818188412544;52.33373217918014,104.2057049653503",0
892571609c7ffff,1,400.0,400.0,400,400,"52.33286116372408,104.20818188412544;52.331019026279684,104.20829509984856;52.33014799336928,104.2107717641794;52.331119031335724,104.21313527577989;52.332961134835735,104.21302226232073;52.33383223431565,104.21054553500021",0
892571609dbffff,1,600.0,600.0,600,600,"52.33266061550289,104.1985005859602;52.33081841020505,104.19861420625138;52.329947545358756,104.20109125340049;52.33091881924378,104.2034547433194;52.33276099062079,104.20334132531895;52.3336319220356,104.20086421511196",1
89257160aabffff,1,100000.0,100000.0,100000,100000,"52.31275976882892,104.17307751949652;52.31091736480242,104.1731921530465;52.31004713406163,104.17566914081388;52.31101924078201,104.17803155821693;52.312861610947735,104.17791712685413;52.313731908255875,104.1754400759041",0
89257160c1bffff,2,21500.0,21500.0,18000,25000,"52.34843257090633,104.15873059729766;52.34659010561966,104.15884592223263;52.34571976698919,104.16132545372608;52.34669182708428,104.16368972367225;52.34853425854861,104.16357460128687;52.349404663742156,104.16109500640879",1
89257160c3bffff,1,43000.0,43000.0,43000,43000,"52.34592283917389,104.17101249369404;52.34408045661984,104.17112729803061;52.34320993190177,104.1736061921122;52.34418172317512,104.17597034515053;52.346024071876606,104.1758557433048;52.346894663159276,104.17337678593294",0
89257160c83ffff,2,38500.0,38500.0,12000,65000,"52.35677444236273,104.16063399733903;52.35493199957783,104.16074926391381;52.35406154551173,104.16322917696742;52.35503346766986,104.16559388684381;52.35687587662857,104.16547882288799;52.35774639725732,104.16299884643983",1
89257160c8bffff,6,68175.0,27500.0,600,250000,"52.35395995933375,104.15838456522805;52.35211749776722,104.15849991879658;52.351247110263735,104.16097976844752;52.352219117766154,104.16334432793562;52.35406154551173,104.16322917696742;52.35493199957783,104.16074926391381",1
89257160c8fffff,2,32500.0,32500.0,25000,40000,"52.35406154551173,104.16322917696742;52.352219117766154,104.16334432793562;52.35134864600948,104.16582398619028;52.352320535437286,104.16818855684822;52.35416292935006,104.16807360846694;52.35503346766986,104.16559388684381",1
89257160c9bffff,4,124650.0,120000.0,600,258000,"52.35667280572806,104.1557889915598;52.354830329128816,104.15590446076693;52.35395995933375,104.15838456522805;52.35493199957783,104.16074926391381;52.35677444236273,104.16063399733903;52.357644878719896,104.15815382944915",3
89257160ca3ffff,1,30000.0,30000.0,30000,30000,"52.35426411087171,104.17291785966742;52.35242175080351,104.17303260547513;52.35155111059264,104.17551188086838;52.352522763887784,104.17787647375714;52.3543650900996,104.17776193050967;52.35523579687465,104.17528259181623",0
89257160cabffff,6,45750.0,10000.0,1000,161000,"52.35144997944483,104.17066802368363;52.34960760059021,104.17078285652174;52.34873702694347,104.17326206860669;52.3497087655892,104.17562651116491;52.35155111059264,104.17551188086838;52.35242175080351,104.17303260547513",2
89257160cafffff,2,253250.0,253250.0,2500,504000,"52.35155111059264,104.17551188086838;52.3497087655892,104.17562651116491;52.34883810774189,104.17810553181899;52.34980972833537,104.1804699854537;52.35165203947584,104.18035555768535;52.352522763887784,104.17787647375714",5
89257160cb3ffff,1,800.0,800.0,800,800,"52.356977108548534,104.17032346814749;52.35513473342782,104.17043832949769;52.35426411087171,104.17291785966742;52.35523579687465,104.17528259181623;52.357078138145575,104.1751679330583;52.357948827265346,104.1726883395623",0
89257160ccfffff,2,49500.0,49500.0,19000,80000,"52.34833068093693,104.15388641316788;52.34648818183973,104.15400194066574;52.345617927461355,104.1564816634872;52.34659010561966,104.15884592223263;52.34843257090633,104.15873059729766;52.34930289184724,104.15625081105743",0
89257160cd3ffff,3,59606.666666666664,71820.0,32000,75000,"52.35375617986723,104.14869480126667;52.35191365069417,104.14881056007579;52.3510434317491,104.15129079245057;52.352015675417505,104.1536553294902;52.35385817079322,104.15353977330805;52.35472845629988,104.15105947746235",0
89257160cd7ffff,2,850.0,850.0,750,950,"52.35385817079322,104.15353977330805;52.352015675417505,104.1536553294902;52.351145372184575,104.15613537051455;52.35211749776722,104.15849991879658;52.35395995933375,104.15838456522805;52.354830329128816,104.15590446076693",0
89257160cdbffff,3,27833.333333333332,2650.0,850,80000,"52.35094128893442,104.1464460343148;52.349098741001015,104.14656188006087;52.348228588617495,104.14904204895664;52.34920091760783,104.15140643558837;52.3510434317491,104.15129079245057;52.35191365069417,104.14881056007579",3
89257160d27ffff,1,196800.0,196800.0,196800,196800,"52.34682665517472,104.21459524342936;52.344984577718336,104.21470822582975;52.344113295986034,104.21718539661875;52.345084025143066,104.21954964799357;52.34692606864079,104.21943686796354;52.34779741694218,104.2169596341914",0
89257160d2fffff,1,25000.0,25000.0,25000,25000,"52.34401373057071,104.21234398523629;52.34217163430843,104.2124570547954;52.341300419145234,104.21493416259311;52.34227123367723,104.21729826382608;52.344113295986034,104.21718539661875;52.344984577718336,104.21470822582975",1
89257160d4fffff,1,25000.0,25000.0,25000,25000,"52.34079981181523,104.1907263650038;52.33895756108274,104.19084033116883;52.33808674876171,104.19331814183042;52.33905812060807,104.19568204946596;52.34090033743943,104.19556828568766;52.34177121632753,104.19309041189018",0
89257160dafffff,1,850.0,850.0,850,850,"52.35225336650376,104.20941382755244;52.35041125878889,104.20952704043273;52.34954001202414,104.21200472043013;52.350510806408124,104.2143692505854;52.35235288017743,104.21425624013953;52.353224193510314,104.21177849710699",4
89257160db7ffff,1,50000.0,50000.0,50000,50000,"52.357779682210165,104.2090741327006;52.35593757821822,104.20918737368751;52.35506628239708,104.21166537140621;52.356037024002184,104.21403019119413;52.35787909404998,104.2139171526923;52.358750456438806,104.21143909192054",0
89257162a07ffff,3,546.6666666666666,580.0,360,700,"52.3676260026414,104.15024957339661;52.365783499821944,104.1503653027114;52.36491311670185,104.15284623533394;52.36588516984251,104.15521150214366;52.36772763886218,104.15509597557602;52.36859808854298,104.15261497945454",0
89257162a0fffff,2,32825.0,32825.0,650,65000,"52.36481132855019,104.1480000471756;52.36296880692639,104.14811586348677;52.36209849036695,104.15059673260227;52.36307062887261,104.15296184891666;52.36491311670185,104.15284623533394;52.365783499821944,104.1503653027114",0
89257162a1bffff,1,590.0,590.0,590,590,"52.367422122720235,104.14055622852176;52.36557955233668,104.14067236337087;52.36470933791924,104.14315367887515;52.36568162732765,104.1455189231007;52.367524163935045,104.14540299102542;52.36839444491216,104.14292161195377",0
89257162a2fffff,4,357.5,395.0,150,490,"52.36230176318275,104.16028814036859;52.36045932416902,104.1604034355676;52.35958882124967,104.1628836668781;52.36056069078389,104.16524866640523;52.362403095972816,104.16513357387595;52.36327366545435,104.1626532791529",0
89257162a33ffff,5,20370.0,500.0,300,100000,"52.36772763886218,104.15509597557602;52.36588516984251,104.15521150214366;52.36501470239714,104.15769224329082;52.365986637412256,104.16005752133819;52.36782907262034,104.15994219750435;52.36869960662692,104.15746139289239",0
89257162a6fffff,2,23000.0,23000.0,6000,40000,"52.356570966701675,104.15094380560954;52.35472845629988,104.15105947746235;52.35385817079322,104.15353977330805;52.354830329128816,104.15590446076693;52.35667280572806,104.1557889915598;52.357543157796314,104.1533086322512",0
89257162a73ffff,2,300.0,300.0,250,350,"52.36199655029536,104.14575075846182;52.360154009878116,104.14586666174998;52.359283759879276,104.14834746735035;52.36025598373906,104.1507124331807;52.36209849036695,104.15059673260227;52.36296880692639,104.14811586348677",0
89257162aabffff,1,450.0,450.0,450,450,"52.37044057254724,104.15249933715549;52.36859808854298,104.15261497945454;52.36772763886218,104.15509597557602;52.36869960662692,104.15746139289239;52.37054205682618,104.15734595335923;52.37141257306771,104.15486489374686",2
89257162acbffff,1,150.0,150.0,150,150,"52.367217432673414,104.13086216335427;52.365374794773075,104.13097870379103;52.36450474912772,104.13346040208512;52.365477274826134,104.1358256235812;52.36731987897397,104.13570928594491;52.36818999117791,104.13322752401511",0
89257162b5bffff,1,12000.0,12000.0,12000,12000,"52.362403095972816,104.16513357387595;52.36056069078389,104.16524866640523;52.35969010359247,104.16772870623991;52.360661855029264,104.17009371692669;52.362504226381596,104.16997882705377;52.36337488013573,104.16749872384072",0
89257162e3bffff,1,150000.0,150000.0,150000,150000,"52.383903258310305,104.1346618136375;52.38206066580731,104.13477823800433;52.381190389658,104.13726070110015;52.382162639455956,104.13962680348799;52.38400519819887,104.1395105820608;52.3848755409059,104.13702805530916",0
89257164203ffff,1,60000.0,60000.0,60000,60000,"52.332299643813656,104.31720959526578;52.330458271190196,104.31731824983054;52.329585377116885,104.31979044300861;52.33055378908894,104.322154043839;52.33239512750281,104.32204559120943;52.33326808815621,104.31957333581735",0
89257164257ffff,1,1200.0,1200.0,1200,1200,"52.3293939042259,104.31011869314099;52.327552478544156,104.31022763712346;52.3266797346738,104.31269995995291;52.32764834990752,104.31506340105933;52.32948974139666,104.31495465900713;52.33036255184666,104.31248227392135",0
89257164277ffff,1,500.0,500.0,500,500,"52.32687110873347,104.32237092220362;52.32502976679954,104.32247934794086;52.32415683869378,104.32495103291929;52.32512518594299,104.32731435432598;52.32696649365432,104.32720613045989;52.32783948834105,104.32473438331907",0
89257164323ffff,2,85000.0,85000.0,70000,100000,"52.330437037132285,104.36330430544247;52.32859598821428,104.36341102893871;52.327722325449166,104.36588123992027;52.32868964501975,104.36824478929047;52.33053065961618,104.36813826757493;52.33140438896558,104.36566799471164",1
89257164637ffff,1,300.0,300.0,300,300,"52.35158634645163,104.31364905284931;52.34974496932578,104.31375790285398;52.3488719438016,104.31623129980677;52.34984022882697,104.31859590905066;52.351681571753716,104.31848726116483;52.352554663856196,104.31601380191942",0
89257165053ffff,2,34995.0,34995.0,9990,60000,"52.30893814231299,104.25565987959733;52.30709631208612,104.25577105021556;52.306224703857126,104.25824446929091;52.30719485928086,104.26060678033718;52.30903665544554,104.26049581162795;52.30990833025064,104.25802232996651",0
89257165093ffff,1,20000.0,20000.0,20000,20000,"52.32289914326186,104.26208190940085;52.321057372780345,104.26219284591212;52.32018551544911,104.26466676943849;52.321155362025735,104.267029819036;52.32299709843077,104.26691908453968;52.32386902233765,104.26444509843401",0
89257165103ffff,4,18912.5,12500.0,650,50000,"52.31262813723338,104.30143002168325;52.310786632778616,104.30153928825384;52.3099142047663,104.30401104570302;52.310883214630586,104.30637359885637;52.312724684912276,104.30626453409182;52.31359717950476,104.30379271437096",0
8925716510bffff,1,450.0,450.0,450,450,"52.30981750513235,104.29917674521656;52.30797598188806,104.29928609913921;52.30710362045595,104.30175779430853;52.308072715689896,104.30412019783812;52.3099142047663,104.30401104570302;52.310786632778616,104.30153928825384",0
8925716511bffff,3,42333.333333333336,1000.0,1000,125000,"52.312531388140556,104.29659532770782;52.31068984952442,104.29670479609794;52.30981750513235,104.29917674521656;52.310786632778616,104.30153928825384;52.31262813723338,104.30143002168325;52.313500548205205,104.29895801025894",0
89257165143ffff,8,246335.75,34030.0,760,1687000,"52.3069097158978,104.29208943570627;52.30506813972394,104.29219907874435;52.30419592849134,104.29467090322696;52.30516522685484,104.29703314699671;52.30700676887774,104.29692370574124;52.3078790466901,104.29445181893654",0
89257165147ffff,2,212500.0,212500.0,125000,300000,"52.30700676887774,104.29692370574124;52.30516522685484,104.29703314699671;52.30429293200289,104.29950477987788;52.305262112595656,104.30186703379484;52.30710362045595,104.30175779430853;52.30797598188806,104.29928609913921",9
8925716514bffff,3,59900.0,16000.0,1250,162450,"52.304098723584126,104.28983684515785;52.30225712864777,104.28994657549096;52.301384983994915,104.29241833764324;52.302354367700666,104.29478043179587;52.30419592849134,104.29467090322696;52.30506813972394,104.29219907874435",1
8925716514fffff,2,60000.0,60000.0,20000,100000,"52.30419592849134,104.29467090322696;52.302354367700666,104.29478043179587;52.30148213942894,104.29725200238072;52.30245140536965,104.29961410669614;52.30429293200289,104.29950477987788;52.30516522685484,104.29703314699671",2
89257165153ffff,2,500000.0,500000.0,50000,950000,"52.3096235016178,104.28950759975034;52.30778191007298,104.28961735728869;52.3069097158978,104.29208943570627;52.3078790466901,104.29445181893654;52.30972060409052,104.29434226321278;52.31059286484499,104.29187012244725",0
89257165157ffff,5,12190.0,750.0,550,54000,"52.30972060409052,104.29434226321278;52.3078790466901,104.29445181893654;52.30700676887774,104.29692370574124;52.30797598188806,104.29928609913921;52.30981750513235,104.29917674521656;52.31068984952442,104.29670479609794",3
8925716516bffff,1,30000.0,30000.0,30000,30000,"52.30157909349637,104.30208548569107;52.29973758226501,104.30219469810322;52.298865253388676,104.30466582324918;52.299834369164564,104.30702779822259;52.30167584622026,104.30691878751564;52.302548241677684,104.30444760013317",0
8925716516fffff,1,70000.0,70000.0,70000,70000,"52.30167584622026,104.30691878751564;52.299834369164564,104.30702779822259;52.29896195672186,104.30949873176756;52.29993095475527,104.3118607168112;52.30177239762352,104.31175190779591;52.30264487664778,104.30928091204842",0
8925716518bffff,1,15000.0,15000.0,15000,15000,"52.3180559971141,104.29626686825013;52.3162144619392,104.29637636378501;52.31534206802613,104.29884862922177;52.31631114271068,104.30121146145001;52.318152643725526,104.3011021677851;52.31902510421786,104.29862984002507",1
8925716518fffff,1,550.0,550.0,550,550,"52.318152643725526,104.3011021677851;52.31631114271068,104.30121146145001;52.31543866515913,104.3036835351718;52.3164076220447,104.30604637752104;52.31824908888778,104.3059372857126;52.31912163301903,104.30346514970155",0
89257165193ffff,1,650.0,650.0,650,650,"52.32358059569514,104.295938327338;52.32173906399589,104.29604785002773;52.32086662058103,104.2985204318633;52.321835642288555,104.30088355335315;52.32367713982908,104.30077423258385;52.32454964982279,104.29830158840737",0
89257165197ffff,2,650.0,650.0,650,650,"52.32367713982908,104.30077423258385;52.321835642288555,104.30088355335315;52.32096311521694,104.30335594342826;52.32193201910859,104.30571907504404;52.323773482478664,104.30560995618166;52.324646076129525,104.30313750379969",0
8925716519bffff,1,200000.0,200000.0,200000,200000,"52.3207699244668,104.29368473869994;52.31892837395013,104.29379434876367;52.3180559971141,104.29626686825013;52.31902510421786,104.29862984002507;52.32086662058103,104.2985204318633;52.32173906399589,104.29604785002773",0
892571651cbffff,3,39700.0,50000.0,1100,68000,"52.312337285620934,104.28692539529074;52.31049567871731,104.2870352673605;52.3096235016178,104.28950759975034;52.31059286484499,104.29187012244725;52.31243443761072,104.29176045222408;52.313306681289106,104.2892880574605",0
892571651cfffff,1,500.0,500.0,500,500,"52.31243443761072,104.29176045222408;52.31059286484499,104.29187012244725;52.30972060409052,104.29434226321278;52.31068984952442,104.29670479609794;52.312531388140556,104.29659532770782;52.31340371547433,104.29412312460256",0
892571651d7ffff,1,120000.0,120000.0,120000,120000,"52.317959149030486,104.29143138716633;52.31611757970729,104.29154108458474;52.315245269450074,104.29401354171385;52.3162144619392,104.29637636378501;52.3180559971141,104.29626686825013;52.31892837395013,104.29379434876367",0
89257165217ffff,1,500.0,500.0,500,500,"52.29507492818202,104.25407615844674;52.29323307248946,104.25418736108465;52.292361629645605,104.25666008451523;52.293331975919294,104.25902166786987;52.29517379755225,104.25891066702154;52.2960453069731,104.25643788103207",1
89257165227ffff,2,90500.0,90500.0,50000,131000,"52.289845668015765,104.26891090587888;52.288003911225914,104.2690214757816;52.28713226675728,104.27149330888663;52.28810231250159,104.27385463453125;52.289944035195305,104.27374426632736;52.2908157462428,104.27127237078308",11
8925716522fffff,4,164000.0,97000.0,12000,450000,"52.287033747727996,104.26666016048554;52.28519197225134,104.2667708175306;52.28432039436158,104.26924258818819;52.28529052537157,104.2716037642513;52.28713226675728,104.27149330888663;52.288003911225914,104.2690214757816",16
89257165247ffff,1,300000.0,300000.0,300000,300000,"52.28663765710267,104.24732575801609;52.284795745379625,104.24743722191697;52.28392450226683,104.24990975762206;52.28489510430206,104.25227089201269;52.28673698198113,104.25215962984593;52.28760829167094,104.24968703155751",4
8925716524bffff,3,46000.0,40000.0,38000,60000,"52.283725347367884,104.24024225778597;52.28188338296276,104.24035401046494;52.28101229016411,104.24282667474998;52.281983095196004,104.2451876489845;52.2838250255741,104.24507609803457;52.28469618494932,104.2426033711241",3
89257165257ffff,1,22000.0,22000.0,22000,22000,"52.28935081014901,104.24474138988984;52.28750888305443,104.24485296848837;52.28663765710267,104.24732575801609;52.28760829167094,104.24968703155751;52.28945018472803,104.24957565472502;52.290321477256335,104.24710280258813",2
89257165263ffff,3,40333.333333333336,48000.0,18000,55000,"52.28402377746901,104.25474323648984;52.282181915180196,104.25485438402198;52.281310571222186,104.25732647472505;52.28228102297702,104.25968748042257;52.28412285120359,104.2595765345792;52.284994261739534,104.25710438135266",4
8925716526bffff,1,51000.0,51000.0,51000,51000,"52.281211345671935,104.25249338877609;52.27936946472853,104.25260462337498;52.27849818734847,104.25507665154639;52.27946872433583,104.25743750765365;52.281310571222186,104.25732647472505;52.282181915180196,104.25485438402198",8
8925716526fffff,2,305000.0,305000.0,300000,310000,"52.281310571222186,104.25732647472505;52.27946872433583,104.25743750765365;52.278597363271096,104.25990934461984;52.27956778251634,104.2622702111582;52.2814095953339,104.26215937988644;52.28228102297702,104.25968748042257",2
89257165273ffff,2,92500.0,92500.0,45000,140000,"52.28673698198113,104.25215962984593;52.28489510430206,104.25227089201269;52.28402377746901,104.25474323648984;52.284994261739534,104.25710438135266;52.286836105362866,104.25699332090656;52.28770749877339,104.25452091388007",7
8925716527bffff,4,27750.0,20500.0,10000,60000,"52.28392450226683,104.24990975762206;52.2820826059275,104.25002110685641;52.281211345671935,104.25249338877609;52.282181915180196,104.25485438402198;52.28402377746901,104.25474323648984;52.28489510430206,104.25227089201269",1
89257165303ffff,3,37566.666666666664,30000.0,22700,60000,"52.29295152606305,104.2856620621714;52.29110989031022,104.28577193980108;52.290237928359346,104.28824326111872;52.291207535583055,104.29060476713889;52.29304913719929,104.29049509118605;52.29392116573038,104.2880237075393",7
89257165307ffff,4,1150.0,1200.0,1000,1200,"52.29304913719929,104.29049509118605;52.291207535583055,104.29060476713889;52.290335490032426,104.29307589700255;52.291304979519325,104.29543741321159;52.29314654698726,104.29532793892216;52.294018659118564,104.29285674676335",11
8925716530bffff,2,3000000.0,3000000.0,2375000,3625000,"52.29014016534411,104.28341044400587;52.288298510877965,104.28352040885251;52.287426615507314,104.28599166783287;52.28839630802456,104.28835302430696;52.290237928359346,104.28824326111872;52.29110989031022,104.28577193980108",19
8925716530fffff,7,95478.57142857143,50000.0,1350,300000,"52.290237928359346,104.28824326111872;52.28839630802456,104.28835302430696;52.287524329054605,104.29082409186732;52.28849390384073,104.29318545854585;52.290335490032426,104.29307589700255;52.291207535583055,104.29060476713889",10
89257165317ffff,1,3500.0,3500.0,3500,3500,"52.295762782758985,104.28791391714584;52.29392116573038,104.2880237075393;52.29304913719929,104.29049509118605;52.294018659118564,104.29285674676335;52.29586024200537,104.29274715806521;52.29673233711669,104.29027571209757",3
89257165323ffff,8,9912.5,7750.0,800,28300,"52.290432850386296,104.29790835159875;52.288591298349445,104.29801771151062;52.28771915223292,104.30048839616339;52.288688491573666,104.30284978314275;52.29053000944397,104.30274062484882;52.29140222214205,104.30026987796069",9
89257165327ffff,4,54150.0,32950.0,700,150000,"52.29053000944397,104.30274062484882;52.288688491573666,104.30284978314275;52.2878162619099,104.30532027630794;52.2887854835364,104.3076816733837;52.29062696722842,104.3075727166942;52.2914992634742,104.30510216132762",6
8925716532bffff,2,17791.0,17791.0,800,34782,"52.28762184128883,104.29565633466366;52.285780270533884,104.2957657818285;52.284908190998934,104.29823640423771;52.28587761563933,104.3005976417287;52.28771915223292,104.30048839616339;52.288591298349445,104.29801771151062",14
8925716532fffff,5,12810.0,1250.0,1000,33250,"52.28771915223292,104.30048839616339;52.28587761563933,104.3005976417287;52.28500545255758,104.30306807268433;52.28597475948938,104.30542932028727;52.2878162619099,104.30532027630794;52.288688491573666,104.30284978314275",48
8925716533bffff,3,90166.66666666667,25000.0,21500,224000,"52.290335490032426,104.29307589700255;52.28849390384073,104.29318545854585;52.28762184128883,104.29565633466366;52.288591298349445,104.29801771151062;52.290432850386296,104.29790835159875;52.291304979519325,104.29543741321159",27
89257165343ffff,5,67202.0,30525.0,1100,200000,"52.287230584381604,104.27632627628395;52.28538887709861,104.2764365299817;52.284517131924396,104.27890791798005;52.2854870274554,104.2812691146632;52.28732870062397,104.2811590626189;52.288200512377976,104.27868761224107",16
89257165347ffff,5,37849.8,1950.0,1100,119999,"52.28732870062397,104.2811590626189;52.2854870274554,104.2812691146632;52.284615198664966,104.28374031129809;52.285584976464875,104.28610151823719;52.287426615507314,104.28599166783287;52.288298510877965,104.28352040885251",28
8925716534bffff,5,44420.0,20000.0,1100,95000,"52.284418863830915,104.27407534359057;52.28257713786158,104.27418568444824;52.28170545926714,104.27665701005898;52.28267544006425,104.27901805720275;52.284517131924396,104.27890791798005;52.28538887709861,104.2764365299817",17
8925716534fffff,2,56000.0,56000.0,42000,70000,"52.284517131924396,104.27890791798005;52.28267544006425,104.27901805720275;52.28180367785408,104.28148919148397;52.282773540925795,104.28385024889926;52.284615198664966,104.28374031129809;52.2854870274554,104.2812691146632",34
89257165353ffff,3,5050.0,600.0,550,14000,"52.289944035195305,104.27374426632736;52.28810231250159,104.27385463453125;52.287230584381604,104.27632627628395;52.288200512377976,104.27868761224107;52.290042200963754,104.27857744572255;52.29091399566305,104.27610574156459",23
89257165357ffff,3,118450.0,37500.0,850,317000,"52.290042200963754,104.27857744572255;52.288200512377976,104.27868761224107;52.28732870062397,104.2811590626189;52.288298510877965,104.28352040885251;52.29014016534411,104.28341044400587;52.291012043677874,104.28093893125678",27
8925716535bffff,3,28966.666666666668,30000.0,900,56000,"52.28713226675728,104.27149330888663;52.28529052537157,104.2716037642513;52.284418863830915,104.27407534359057;52.28538887709861,104.2764365299817;52.287230584381604,104.27632627628395;52.28810231250159,104.27385463453125",18
89257165363ffff,10,309822.0,102385.0,1850,2000000,"52.284713064075625,104.28857252348607;52.28287144046908,104.28868225947917;52.28199951107944,104.29115301103374;52.28296913871715,104.29351408888401;52.284810728179295,104.29340455448545;52.28568272415007,104.29093374064516",22
89257165367ffff,18,42150.11111111111,30686.5,1000,135082,"52.284810728179295,104.29340455448545;52.28296913871715,104.29351408888401;52.2820971257638,104.29598464904144;52.28306663569295,104.2983457370552;52.284908190998934,104.29823640423771;52.285780270533884,104.2957657818285",15
8925716536bffff,7,65381.57142857143,16800.0,800,276000,"52.281901695117206,104.28632119182842;52.28006005281959,104.28643101501751;52.279188190011084,104.28890170427817;52.28015790292101,104.29126263264673;52.28199951107944,104.29115301103374;52.28287144046908,104.28868225947917",4
8925716536fffff,5,61844.0,12000.0,500,280000,"52.28199951107944,104.29115301103374;52.28015790292101,104.29126263264673;52.27928595654924,104.2937331305442;52.28025555175629,104.29609406909178;52.2820971257638,104.29598464904144;52.28296913871715,104.29351408888401",14
89257165373ffff,24,219847.91666666666,150000.0,780,775500,"52.287426615507314,104.28599166783287;52.285584976464875,104.28610151823719;52.284713064075625,104.28857252348607;52.28568272415007,104.29093374064516;52.287524329054605,104.29082409186732;52.28839630802456,104.28835302430696",32
89257165377ffff,3,170666.66666666666,230000.0,32000,250000,"52.287524329054605,104.29082409186732;52.28568272415007,104.29093374064516;52.284810728179295,104.29340455448545;52.285780270533884,104.2957657818285;52.28762184128883,104.29565633466366;52.28849390384073,104.29318545854585",14
8925716537bffff,7,92531.85714285714,75660.0,1400,230000,"52.284615198664966,104.28374031129809;52.282773540925795,104.28385024889926;52.281901695117206,104.28632119182842;52.28287144046908,104.28868225947917;52.284713064075625,104.28857252348607;52.285584976464875,104.28610151823719",31
892571653a7ffff,1,900.0,900.0,900,900,"52.29876834874101,104.29983273323603;52.296926818753235,104.2999420329599;52.29605455645798,104.30241309586113;52.29702375757138,104.30477492128631;52.298865253388676,104.30466582324918;52.29973758226501,104.30219469810322",3
892571653abffff,8,18032.875,2405.0,850,128700,"52.29586024200537,104.29274715806521;52.294018659118564,104.29285674676335;52.29314654698726,104.29532793892216;52.29411595116409,104.29768960467281;52.29595749989738,104.2975802176565;52.29682967860933,104.2951089632108",4
892571653b3ffff,6,89953.33333333333,95000.0,15000,174720,"52.301384983994915,104.29241833764324;52.29954340444739,104.29252795350628;52.29867124275583,104.29499946178665;52.299640594033626,104.29736141651159;52.30148213942894,104.29725200238072;52.302354367700666,104.29478043179587",7
892571653b7ffff,1,450.0,450.0,450,450,"52.30148213942894,104.29725200238072;52.299640594033626,104.29736141651159;52.29876834874101,104.29983273323603;52.29973758226501,104.30219469810322;52.30157909349637,104.30208548569107;52.30245140536965,104.29961410669614",4
892571653cbffff,2,700.0,700.0,700,700,"52.29265748433497,104.27116188804192;52.2908157462428,104.27127237078308;52.289944035195305,104.27374426632736;52.29091399566305,104.27610574156459;52.292755699653846,104.27599546054074;52.29362747728023,104.27352350256542",2
89257165417ffff,1,30000.0,30000.0,30000,30000,"52.33375363478423,104.25173877880437;52.331911803263296,104.25185017463535;52.331040014923964,104.25432511515734;52.33200999153368,104.2566887225343;52.333851789004285,104.25657752884632;52.334723643917435,104.25410252564143",0
8925716542bffff,6,11468.0,550.0,350,45000,"52.32561276913227,104.25949668038707;52.323770983372555,104.2596077316815;52.32289914326186,104.26208190940085;52.32386902233765,104.26444509843401;52.325710774027385,104.26433424918658;52.32658268071328,104.2618600088621",2
8925716543bffff,2,7725.0,7725.0,450,15000,"52.328326393029776,104.25691108232876;52.32648459200415,104.25702224843748;52.32561276913227,104.25949668038707;52.32658268071328,104.2618600088621;52.3284244476755,104.26174904483233;52.32929633712213,104.25927455025167",1
89257165443ffff,3,60366.666666666664,700.0,400,180000,"52.325218732346535,104.24014459408592;52.32337681042453,104.24025645370294;52.32250530567225,104.24273139765032;52.32347565627064,104.24509454472522;52.325317544169714,104.24498288720906;52.3261891154953,104.24250788052025",1
89257165447ffff,1,495.0,495.0,495,495,"52.325317544169714,104.24498288720906;52.32347565627064,104.24509454472522;52.32260406765271,104.24756929714961;52.32357430036204,104.2499324547683;52.32541615422642,104.24982099933952;52.326287809418154,104.24734618420774",0
8925716544bffff,1,31000.0,31000.0,31000,31000,"52.32240634193147,104.23789331720793;52.32056440124373,104.2380052639961;52.31969296306476,104.2404801451939;52.32066339900222,104.24284314235621;52.32250530567225,104.24273139765032;52.32337681042453,104.24025645370294",0
8925716544fffff,1,8000.0,8000.0,8000,8000,"52.32250530567225,104.24273139765032;52.32066339900222,104.24284314235621;52.31979187695809,104.2453178320651;52.32076219501217,104.24768083978668;52.32260406765271,104.24756929714961;52.32347565627064,104.24509454472522",0
89257165483ffff,2,150.5,150.5,1,300,"52.33918086828102,104.24656499827954;52.3373390063137,104.24667662395767;52.3364672525801,104.24915207320129;52.337437294242875,104.25151595950459;52.33927912217297,104.25140453603352;52.34015094247946,104.2489290240552",0
892571654a7ffff,1,55000.0,55000.0,55000,55000,"52.3367612593612,104.26366896119775;52.33491951477763,104.26377986545208;52.33404749218151,104.2662544852703;52.33501714759623,104.2686182634438;52.336858858100754,104.26850756132406;52.337730947271595,104.26603287889932",1
892571654afffff,2,103750.0,103750.0,57500,150000,"52.333949741462376,104.2614160976879;52.33210797805387,104.26152708924637;52.331236022032506,104.2640016464499;52.33220576284687,104.26636527471273;52.33404749218151,104.2662544852703;52.33491951477763,104.26377986545208",0
892571654cfffff,2,655.0,655.0,460,850,"52.33074449103515,104.23980895973521;52.32890257265568,104.23992084710324;52.3280310186407,104.24239610809376;52.32900131643431,104.24475954447854;52.33084320079219,104.24464785926192;52.331714821380054,104.2421725355122",0
8925716552fffff,1,1680.0,1680.0,1680,1680,"52.32639116269375,104.29819215311093;52.32454964982279,104.29830158840737;52.32367713982908,104.30077423258385;52.324646076129525,104.30313750379969;52.32648755483657,104.3030282704422;52.327360131409066,104.30055556393306",2
8925716553bffff,1,1436.0,1436.0,1436,1436,"52.32900854057745,104.29077301220283;52.32716697824258,104.29088276404204;52.32629456903746,104.29335585414066;52.32726365559126,104.29571925479576;52.32910518378045,104.29560970494106;52.32997765956352,104.29313655244987",0
89257165563ffff,2,34215.0,34215.0,1650,66780,"52.32338690288206,104.2862659721367;52.32154530290056,104.28637589870793;52.320673026851296,104.28884886399676;52.32164228420757,104.29121196512642;52.323483850053826,104.2911022405027;52.32435619268101,104.28862921280488",0
8925716556fffff,1,400.0,400.0,400,400,"52.320673026851296,104.28884886399676;52.318831442192874,104.288958675976;52.317959149030486,104.29143138716633;52.31892837395013,104.29379434876367;52.3207699244668,104.29368473869994;52.32164228420757,104.29121196512642",1
89257165603ffff,4,600.0,600.0,400,800,"52.311255310799915,104.23372781013367;52.30941332915491,104.23383990340523;52.30854207340587,104.23631434217053;52.309512732730056,104.23867675041546;52.31135468036645,104.2385648591386;52.31222600268924,104.2360903576252",1
8925716560fffff,6,740916.6666666666,750000.0,500,1470000,"52.30854207340587,104.23631434217053;52.30670010704775,104.23642632055906;52.30582883402702,104.23890050522674;52.30679946079217,104.24126277423115;52.30864139313511,104.24115099780535;52.309512732730056,104.23867675041546",1
89257165613ffff,2,475.0,475.0,450,500,"52.31396854617864,104.23114090904771;52.31212654925898,104.23125311723348;52.311255310799915,104.23372781013367;52.31222600268924,104.2360903576252;52.31406796560683,104.23597835146607;52.314939270639165,104.23350359579187",0
89257165617ffff,1,135000.0,135000.0,135000,135000,"52.31406796560683,104.23597835146607;52.31222600268924,104.2360903576252;52.31135468036645,104.2385648591386;52.31232525438945,104.24092741723595;52.31416718329318,104.24081561309005;52.31503857218974,104.23834104883666",0
89257165677ffff,1,835.0,835.0,835,835,"52.30582883402702,104.23890050522674;52.303986882968026,104.23901236876343;52.30311559269388,104.24148629937068;52.304086186906055,104.24384842914064;52.305928103943344,104.24373676753474;52.30679946079217,104.24126277423115",1
89257165697ffff,2,59176.0,59176.0,43092,75260,"52.322307176407385,104.23305505588132;52.3204652017137,104.2331672047652;52.31959384741728,104.23564227742922;52.32056440124373,104.2380052639961;52.32240634193147,104.23789331720793;52.323277762800714,104.23541818176024",0
892571656afffff,1,290.0,290.0,290,290,"52.31426619926065,104.24565269386086;52.312424304382525,104.24576429600697;52.31155281438429,104.24823841467877;52.31252315269143,104.25060099387943;52.314365013532225,104.25048959371966;52.31523657010518,104.24801541237598",0
892571656b7ffff,1,1000.0,1000.0,1000,1000,"52.31979187695809,104.2453178320651;52.31794998555227,104.24542946189106;52.31707844623456,104.2479038973987;52.31804873175042,104.25026676577308;52.31989058912022,104.25015533798394;52.32076219501217,104.24768083978668",1
89257165803ffff,1,20000.0,20000.0,20000,20000,"52.29429976764726,104.3533079507242;52.29245861087327,104.35341500610821;52.29158548010538,104.3558836450236;52.292553439527225,104.35824529041155;52.2943945620006,104.35813843651484;52.29526775935472,104.35566973574603",0
8925716580bffff,1,100000.0,100000.0,100000,100000,"52.29149053378802,104.35105337044112;52.28964935822773,104.35116051329982;52.28877629404608,104.3536290903535;52.289744338840464,104.35599058641333;52.29158548010538,104.3558836450236;52.29245861087327,104.35341500610821",1
8925716580fffff,3,66973.33333333333,570.0,350,200000,"52.29158548010538,104.3558836450236;52.289744338840464,104.35599058641333;52.28887119130256,104.35845897173253;52.28983911844483,104.36082047749284;52.29168022540266,104.36071373755846;52.292553439527225,104.35824529041155",2
89257165823ffff,1,171000.0,171000.0,171000,171000,"52.291774769702876,104.36554364798742;52.289933697063866,104.36565018648004;52.28906038286545,104.36811818826315;52.29002807472058,104.37047971331657;52.29186911302909,104.37037337625208;52.292742493814956,104.36790531270917",0
89257165833ffff,3,18800.0,700.0,700,55000,"52.29448915532783,104.36296874020833;52.292648067166795,104.3630753926313;52.291774769702876,104.36554364798742;52.292742493814956,104.36790531270917;52.294583547652,104.3677988617463;52.295456911702956,104.3653305446047",0
89257165837ffff,1,300000.0,300000.0,300000,300000,"52.294583547652,104.3677988617463;52.292742493814956,104.36790531270917;52.29186911302909,104.37037337625208;52.2928367194948,104.3727350505868;52.29467773899614,104.37262880107043;52.29555118636945,104.37016067577598",0
892571659cbffff,3,38333.333333333336,40000.0,30000,45000,"52.29467773899614,104.37262880107043;52.2928367194948,104.3727350505868;52.29196325540434,104.37520292229418;52.292930744229366,104.37756460620584;52.29477172938332,104.37745855812237;52.29564526006161,104.37499062469743",0
89257165a07ffff,1,1400.0,1400.0,1400,1400,"52.27472880204967,104.34235986825915;52.27288754826418,104.34246733420203;52.27201480024669,104.34493534838127;52.272983239429855,104.34729595849804;52.27482445893954,104.34718869390039;52.27569727354383,104.34472061784385",0
89257165a0bffff,4,29442.5,28500.0,770,60000,"52.271822981700865,104.33527793767645;52.26998167494114,104.33538569231777;52.26910907686384,104.33785383610835;52.27007771896186,104.34021428718022;52.27191899146268,104.3401067338793;52.272791656126365,104.33763852816922",2
89257165a13ffff,1,15000.0,15000.0,15000,15000,"52.2773468956407,104.33495462037054;52.27550559205445,104.33506240170392;52.274632944175956,104.33753086086757;52.27560153329973,104.33989160063787;52.27744280262835,104.33978402069515;52.27831551709276,104.33731549959458",7
89257165a1bffff,1,1400.0,1400.0,1400,1400,"52.2745368852954,104.33270167178397;52.27269556299338,104.33280954045793;52.271822981700865,104.33527793767645;52.272791656126365,104.33763852816922;52.274632944175956,104.33753086086757;52.27550559205445,104.33506240170392",0
89257165a37ffff,2,1225.0,1225.0,1200,1250,"52.27491991486858,104.3520173377329;52.2730787296464,104.35212440099892;52.27220581497334,104.35459203204934;52.273174018936814,104.35695266164635;52.27501516985978,104.35684579969843;52.27588815112045,104.35437810683852",2
89257165a43ffff,14,101561.42857142857,59100.0,1200,639100,"52.26891655259097,104.32819648448147;52.267075192890054,104.32830452777881;52.266202744769494,104.33077280108229;52.26717158976586,104.33313309305318;52.26901291522477,104.33302525109143;52.26988542993133,104.33055691582635",3
89257165a47ffff,2,41500.0,41500.0,16000,67000,"52.26901291522477,104.33302525109143;52.26717158976586,104.33313309305318;52.266299058274974,104.33560117491609;52.2672677856586,104.33796147674805;52.26910907686384,104.33785383610835;52.26998167494114,104.33538569231777",2
89257165a4bffff,1,255000.0,255000.0,255000,255000,"52.26610623027537,104.32594424570492;52.264264851891305,104.32605237628502;52.26339247035676,104.32852058761867;52.26436140062223,104.33088073034519;52.266202744769494,104.33077280108229;52.267075192890054,104.32830452777881",1
89257165a4fffff,3,58666.666666666664,28000.0,18000,130000,"52.266202744769494,104.33077280108229;52.26436140062223,104.33088073034519;52.26348893571779,104.33334875027214;52.26445774837615,104.33570890287528;52.266299058274974,104.33560117491609;52.26717158976586,104.33313309305318",5
89257165a53ffff,2,47675.0,47675.0,350,95000,"52.271630359151864,104.32561980040148;52.26978898390946,104.32572795776427;52.26891655259097,104.32819648448147;52.26988542993133,104.33055691582635;52.271726770938244,104.33044895983103;52.27259926884227,104.32798037112653",2
89257165a57ffff,2,177500.0,177500.0,92000,263000,"52.271726770938244,104.33044895983103;52.26988542993133,104.33055691582635;52.26901291522477,104.33302525109143;52.26998167494114,104.33538569231777;52.271822981700865,104.33527793767645;52.27269556299338,104.33280954045793",0
89257165a5bffff,5,29220.0,1050.0,750,120000,"52.268819988939455,104.32336753633682;52.266978595008254,104.32347578098324;52.26610623027537,104.32594424570492;52.267075192890054,104.32830452777881;52.26891655259097,104.32819648448147;52.26978898390946,104.32572795776427",3
89257165a63ffff,3,38833.333333333336,36000.0,20500,60000,"52.266395170814754,104.34042936714796;52.26455389517612,104.34053689381699;52.26368126358393,104.34300453086342;52.26464984104506,104.34536470311203;52.26649108241183,104.34525737771965;52.2673637805913,104.34278967880508",1
89257165a67ffff,2,62925.0,62925.0,850,125000,"52.26649108241183,104.34525737771965;52.26464984104506,104.34536470311203;52.26377712613502,104.34783214868462;52.26474558600601,104.35019233070209;52.266586793089225,104.35008520657276;52.26745957458696,104.34761769916595",2
89257165a73ffff,6,39166.666666666664,40500.0,20000,54000,"52.26910907686384,104.33785383610835;52.2672677856586,104.33796147674805;52.266395170814754,104.34042936714796;52.2673637805913,104.34278967880508;52.26920503753116,104.3426822394739;52.27007771896186,104.34021428718022",0
89257165a83ffff,1,132000.0,132000.0,132000,132000,"52.28287079999125,104.33463122296862;52.281029499612906,104.33473903100398;52.28015680195231,104.33720780562106;52.281125338086596,104.33956883416027;52.282966604208596,104.33946122756592;52.283839368454665,104.33699239099445",0
89257165a87ffff,1,50000.0,50000.0,50000,50000,"52.282966604208596,104.33946122756592;52.281125338086596,104.33956883416027;52.28025255703624,104.34203741718953;52.28122097552397,104.34439845554795;52.283062207377924,104.34429105038099;52.28393505501416,104.34182240543132",0
89257165a8bffff,6,167900.0,120250.0,40000,500000,"52.280060845826455,104.33237801231994;52.278219526715745,104.33248590771606;52.2773468956407,104.33495462037054;52.27831551709276,104.33731549959458;52.28015680195231,104.33720780562106;52.281029499612906,104.33473903100398",6
89257165a8fffff,9,37174.11111111111,7000.0,933,250000,"52.28015680195231,104.33720780562106;52.27831551709276,104.33731549959458;52.27744280262835,104.33978402069515;52.27841130643953,104.34214490975401;52.28025255703624,104.34203741718953;52.281125338086596,104.33956883416027",6
89257165a97ffff,1,700.0,700.0,700,700,"52.285680650089766,104.33688467033915;52.283839368454665,104.33699239099445;52.282966604208596,104.33946122756592;52.28393505501416,104.34182240543132;52.28577630238771,104.34171488623537;52.28664913321923,104.33924598771779",0
89257165a9bffff,3,9183.333333333334,800.0,750,26000,"52.28277479470288,104.32980103664757;52.2809334600799,104.32990904613746;52.280060845826455,104.33237801231994;52.281029499612906,104.33473903100398;52.28287079999125,104.33463122296862;52.283743480829756,104.33216219479782",1
89257165aa3ffff,1,50000.0,50000.0,50000,50000,"52.28034811110121,104.34686684696695;52.27850689477903,104.34697413813592;52.277634013587985,104.34944227606151;52.27860228213433,104.35180318468203;52.28044346417026,104.35169609489499;52.28131641194804,104.34922789510861",2
89257165aa7ffff,2,147250.0,147250.0,34500,260000,"52.28044346417026,104.35169609489499;52.27860228213433,104.35180318468203;52.27772931760597,104.35427113098655;52.27869746852837,104.35663204933401;52.280538616266355,104.3565251609153;52.28141164738188,104.35405715278394",2
89257165aabffff,2,97500.0,97500.0,95000,100000,"52.27753850860311,104.34461323927827;52.27569727354383,104.34472061784385;52.27482445893954,104.34718869390039;52.27579281280974,104.34954945326352;52.277634013587985,104.34944227606151;52.27850689477903,104.34697413813592",0
89257165aafffff,1,15000.0,15000.0,15000,15000,"52.277634013587985,104.34944227606151;52.27579281280974,104.34954945326352;52.27491991486858,104.3520173377329;52.27588815112045,104.35437810683852;52.27772931760597,104.35427113098655;52.27860228213433,104.35180318468203",0
89257165ab3ffff,1,800.0,800.0,800,800,"52.283062207377924,104.34429105038099;52.28122097552397,104.34439845554795;52.28034811110121,104.34686684696695;52.28131641194804,104.34922789510861;52.283157609522235,104.34912069135551;52.28403054053132,104.34665223805001",2
89257165abbffff,2,67600.0,67600.0,40000,95200,"52.28025255703624,104.34203741718953;52.27841130643953,104.34214490975401;52.27753850860311,104.34461323927827;52.27850689477903,104.34697413813592;52.28034811110121,104.34686684696695;52.28122097552397,104.34439845554795",1
89257165acfffff,1,50000.0,50000.0,50000,50000,"52.27444062538498,104.3278723010667;52.27259926884227,104.32798037112653;52.271726770938244,104.33044895983103;52.27269556299338,104.33280954045793;52.2745368852954,104.33270167178397;52.275409449784945,104.33023302110034",2
89257165ad3ffff,1,180000.0,180000.0,180000,180000,"52.27986833035679,104.32271788075323;52.27802694277894,104.3228261790352;52.277154478534634,104.32529527473018;52.27812333528547,104.3276561341768;52.279964688635594,104.32754803734451;52.28083721946457,104.32507887961904",2
89257165ad7ffff,4,56587.5,13100.0,1150,199000,"52.279964688635594,104.32754803734451;52.27812333528547,104.3276561341768;52.277250787617106,104.33012503836274;52.278219526715745,104.33248590771606;52.280060845826455,104.33237801231994;52.2809334600799,104.32990904613746",2
89257165b33ffff,1,570.0,570.0,570,570,"52.275488431554145,104.38098537948058;52.27364745230259,104.38109123504185;52.272774038079405,104.3835577161695;52.273741536519694,104.38591840334487;52.27558248140192,104.38581274902012;52.27645596221512,104.38334620628657",0
89257165b7bffff,2,350.0,350.0,350,350,"52.266967627061824,104.36939470363421;52.2651265572298,104.369501022847;52.26425342599065,104.37196751071504;52.26522129799577,104.37432774103813;52.2670623334858,104.37422162302057;52.26793553131467,104.37175507348782",0
89257165bc7ffff,1,64500.0,64500.0,64500,64500,"52.27791932283339,104.3639282950287;52.2760782249684,104.36403486822142;52.27520507712076,104.36650217779518;52.27617296055168,104.36886297591268;52.278014024088876,104.36875660402923;52.27888723852488,104.36628923272214",0
89257165bd3ffff,1,120000.0,120000.0,120000,120000,"52.280538616266355,104.3565251609153;52.27869746852837,104.35663204933401;52.27782442068009,104.35909980399502;52.27879245398421,104.36146073203345;52.280633567412586,104.36135404496953;52.281506681848406,104.35888622851554",2
89257165c47ffff,1,200.0,200.0,200,200,"52.30768050177633,104.33075851160937;52.305839199138205,104.33086654076524;52.3049663194372,104.33333683180605;52.305934675793054,104.33569915574417;52.307775944186446,104.33559132826262;52.308648890470664,104.33312097517178",0
89257165c57ffff,1,220000.0,220000.0,220000,220000,"52.310394682623546,104.32817982332523;52.30855336456236,104.32828796672557;52.30768050177633,104.33075851160937;52.308648890470664,104.33312097517178;52.31049017429364,104.33301303347774;52.311363103662465,104.33054242651814",0
89257165c5bffff,1,78000.0,78000.0,78000,78000,"52.30748901321107,104.32109233272858;52.30564764211871,104.32120076527374;52.30477492943056,104.32367143980998;52.305743521254435,104.32603374392227;52.30758485812554,104.32592551307854;52.308457637396025,104.32345477642423",0
89257165e07ffff,4,67250.0,14225.0,550,240000,"52.2937267786886,104.3243212152103;52.29188541635677,104.32442947980324;52.2910127860938,104.32689926885872;52.291981451580924,104.32926085538163;52.29382277968239,104.32915279235742;52.294695476529064,104.32668294124466",1
89257165e1bffff,1,1068.0,1068.0,1068,1068,"52.29353417311611,104.31465751590984;52.2916927423587,104.31476618368086;52.2908202790696,104.31723635593684;52.29178917995705,104.31959792255013;52.29363057650751,104.31948945637492;52.29450310637947,104.3170192219937",17
89257165e27ffff,3,462650.0,412500.0,450,975000,"52.29120448848507,104.3365614549921;52.289363210108796,104.33666920233907;52.28849039610022,104.33913835446182;52.2894587938849,104.34149982120431;52.29130003800089,104.341392275367;52.29217291859447,104.33892306128065",1
89257165e33ffff,1,33000.0,33000.0,33000,33000,"52.29382277968239,104.32915279235742;52.291981451580924,104.32926085538163;52.29110873785706,104.3317304528032;52.29207728565248,104.33409204922692;52.29391857951188,104.33398418775789;52.29479135981988,104.33151452831305",0
89257165e37ffff,1,85000.0,85000.0,85000,85000,"52.29391857951188,104.33398418775789;52.29207728565248,104.33409204922692;52.29120448848507,104.3365614549921;52.29217291859447,104.33892306128065;52.29401417820007,104.33881540135322;52.29488704195204,104.33634593359875",1
89257165e43ffff,1,115000.0,115000.0,115000,115000,"52.28791317034272,104.31015197503882;52.28607170210696,104.31026081744562;52.28519937198365,104.31273086542654;52.28616844351516,104.31509213314536;52.28800987755439,104.3149834922975;52.288882274260594,104.31251338217496",4
89257165e47ffff,2,90000.0,90000.0,60000,120000,"52.28800987755439,104.3149834922975;52.28616844351516,104.31509213314536;52.28529602989706,104.31756198960517;52.28626498373687,104.31992326732792;52.28810638356788,104.31981482802553;52.288978863769294,104.31734490945803",11
89257165e4fffff,2,408250.0,408250.0,16500,800000,"52.28519937198365,104.31273086542654;52.28335791921637,104.31283959358177;52.282485572181606,104.31530938792567;52.28345461133279,104.31767051623333;52.28529602989706,104.31756198960517;52.28616844351516,104.31509213314536",2
89257165e5bffff,1,169000.0,169000.0,169000,169000,"52.2878162619099,104.30532027630794;52.28597475948938,104.30542932028727;52.28510251287815,104.30789955976675;52.28607170210696,104.31026081744562;52.28791317034272,104.31015197503882;52.2887854835364,104.3076816733837",2
89257165e6fffff,1,40000.0,40000.0,40000,40000,"52.28267858832049,104.3249706686611;52.28083721946457,104.32507887961904;52.279964688635594,104.32754803734451;52.2809334600799,104.32990904613746;52.28277479470288,104.32980103664757;52.28364739211648,104.32733181689981",2
89257165e7bffff,6,26250.0,24000.0,700,70000,"52.28529602989706,104.31756198960517;52.28345461133279,104.31767051623333;52.28258218082106,104.32014011906764;52.28355110229181,104.32250125735885;52.28539248664138,104.3223929322442;52.28626498373687,104.31992326732792",2
89257165ecbffff,1,300.0,300.0,300,300,"52.293340762610306,104.30499309032439;52.2914992634742,104.30510216132762;52.29062696722842,104.3075727166942;52.29159610353872,104.30993426325384;52.293437568491356,104.30982539387348;52.29430993131915,104.30735477631373",1
89257165ecfffff,1,1950.0,1950.0,1950,1950,"52.293437568491356,104.30982539387348;52.29159610353872,104.30993426325384;52.29072372376263,104.31240462707638;52.2916927423587,104.31476618368086;52.29353417311611,104.31465751590984;52.29440661947465,104.31218708992809",2
89257165ed3ffff,1,45000.0,45000.0,45000,45000,"52.298865253388676,104.30466582324918;52.29702375757138,104.30477492128631;52.296151411710184,104.30724579262053;52.29712049508675,104.30960762813146;52.29896195672186,104.30949873176756;52.299834369164564,104.30702779822259",5
89257165edbffff,1,10000.0,10000.0,10000,10000,"52.29605455645798,104.30241309586113;52.294213041889954,104.30252228120912;52.293340762610306,104.30499309032439;52.29430993131915,104.30735477631373;52.296151411710184,104.30724579262053;52.29702375757138,104.30477492128631",6
89257166007ffff,1,900.0,900.0,900,900,"52.4097302272793,104.31748247043181;52.407888941757975,104.31759130060627;52.40701527206359,104.3200677381138;52.40798282131829,104.3224354078764;52.409824072636866,104.32232678033216;52.41069780890547,104.31985028039821",0
89257167247ffff,2,172500.0,172500.0,135000,210000,"52.34431182079044,104.22686767689558;52.342469826423894,104.22698013943972;52.34159835923677,104.22945667249827;52.34256881984769,104.23182080590468;52.34441078022543,104.23170854567199;52.34528231398305,104.22923194972452",2
8925716724bffff,1,20000.0,20000.0,20000,20000,"52.3413999344887,104.21977518006686;52.33955788733971,104.21988793211246;52.338686570713236,104.2223645938423;52.33965723466772,104.22472856646085;52.34149924784489,104.22461601672158;52.3423706310414,104.22213929206053",0
8925716724fffff,1,432000.0,432000.0,432000,432000,"52.34149924784489,104.22461601672158;52.33965723466772,104.22472856646085;52.33878583405114,104.22720503662235;52.3397563800432,104.22956901994468;52.34159835923677,104.22945667249827;52.342469826423894,104.22698013943972",0
8925716725bffff,1,55000.0,55000.0,55000,55000,"52.344113295986034,104.21718539661875;52.34227123367723,104.21729826382608;52.3413999344887,104.21977518006686;52.3423706310414,104.22213929206053;52.344212659384965,104.22202662719151;52.345084025143066,104.21954964799357",0
892571672c3ffff,1,700.0,700.0,700,700,"52.3524521917702,104.21909847188603;52.35061015195819,104.21921127991094;52.3497387370877,104.22168857665807;52.350709295462075,104.22405312835025;52.35255130130497,104.2239405227329;52.353422782744595,104.2214631630189",1
89257167313ffff,2,425.0,425.0,400,450,"52.35333690625583,104.2626704100417;52.35149517258969,104.2627813968831;52.35062300210382,104.26525696787725;52.35159249871274,104.26762161469277;52.353434198303816,104.26751083013768;52.35430643536304,104.26503519648384",0
89257167347ffff,5,67837.0,8360.0,375,200000,"52.34500029674257,104.26074995554848;52.34315854054484,104.26086100219509;52.342286485910186,104.26333619339947;52.3432561209014,104.26570040061047;52.34509784302794,104.26558955618101;52.34596996423645,104.2631143023265",0
8925716737bffff,1,30000.0,30000.0,30000,30000,"52.342286485910186,104.26333619339947;52.34044474493131,104.26344712517258;52.33957267301941,104.26592206196847;52.34054227551407,104.26828612961859;52.34238398241521,104.26817540003059;52.3432561209014,104.26570040061047",1
8925716764fffff,9,33505.77777777778,16506.0,15246,85320,"52.3604930795861,104.20648252395394;52.358650960501194,104.20659588025835;52.357779682210165,104.2090741327006;52.358750456438806,104.21143909192054;52.3605925415861,104.21132593813329;52.361463886444355,104.208847622612",1
89257167673ffff,1,80000.0,80000.0,80000,80000,"52.36340529668899,104.2135779810563;52.36156323039721,104.21369104762452;52.36069180144066,104.21616917144114;52.361662372210176,104.21853429172933;52.363504404547356,104.21842142768344;52.36437590007164,104.2159432408301",0
8925716767bffff,1,80000.0,80000.0,80000,80000,"52.3605925415861,104.21132593813329;52.358750456438806,104.21143909192054;52.35787909404998,104.2139171526923;52.358849750242726,104.21628212272469;52.36069180144066,104.21616917144114;52.36156323039721,104.21369104762452",0
8925716cc8fffff,1,35000.0,35000.0,35000,35000,"52.2211269512913,104.28994057449006;52.21928527545866,104.29005009897737;52.218413959302254,104.29251731767829;52.21938425239422,104.29487507399584;52.22122589407355,104.29476575053197;52.222097276816186,104.29229846973018",0
8925716cca7ffff,2,80000.0,80000.0,50000,110000,"52.22142317698698,104.30441556029695;52.21958160364937,104.30452448175419;52.21871003745604,104.30699112779327;52.21967997801478,104.30934891437761;52.221521517163964,104.30924019390348;52.22239314994482,104.30677348586501",2
8925716ccb3ffff,1,26000.0,26000.0,26000,26000,"52.22403772523577,104.29701441944677;52.222196102070484,104.29712365591726;52.22132463596448,104.29959074582037;52.22229472643908,104.30194866131497;52.22413631543413,104.30183962587286;52.225007848126786,104.29937247391085",1
8925716e00fffff,1,115720.0,115720.0,115720,115720,"52.26915466460503,104.20483197080858;52.267312437285575,104.20494516673475;52.26644209630289,104.20741847243883;52.26741391606757,104.20977864505554;52.26925610944484,104.20966565083276;52.270126517001586,104.20719228229291",0
8925716e027ffff,2,700275.0,700275.0,550,1400000,"52.26945839435614,104.21933247046108;52.26761626889851,104.2194450613172;52.26674567650381,104.22191779428846;52.2677171429932,104.2242779991406;52.26955923447337,104.2241656099478;52.270429893443605,104.22169281424262",5
8925716e02fffff,2,425.0,425.0,400,450,"52.26664468465625,104.21708486717417;52.264802540624544,104.21719754490827;52.26393201480537,104.21967021513753;52.26490356644436,104.22203027037774;52.26674567650381,104.22191779428846;52.26761626889851,104.2194450613172",4
8925716e033ffff,2,405.0,405.0,350,460,"52.272070018868895,104.21191306575625;52.27022784406614,104.21202597311884;52.26935735268758,104.2144991507365;52.270328969539186,104.21685948378833;52.27217111038277,104.21674677813428;52.27304166833589,104.2142735377229",0
8925716e063ffff,2,1600.0,1600.0,700,2500,"52.2636279794648,104.20517153054409;52.261785748971114,104.20528469842957;52.26091545731617,104.20775768761752;52.261887329582336,104.21011757174102;52.26372952613249,104.21000460550854;52.264599884361964,104.2075315535026",1
8925716e067ffff,4,87500.0,80000.0,10000,180000,"52.26372952613249,104.21000460550854;52.261887329582336,104.21011757174102;52.26101695412436,104.2125903700859;52.26198870864351,104.2149502649854;52.2638308712384,104.21483750039256;52.26470131327136,104.21236463926364",5
8925716e06bffff,1,35000.0,35000.0,35000,35000,"52.260813758952374,104.2029248251181;52.258971509916876,104.20303807980605;52.25810128483642,104.20551100616792;52.25907324221895,104.20787074067098;52.26091545731617,104.20775768761752;52.261785748971114,104.20528469842957",0
8925716e06fffff,1,40000.0,40000.0,40000,40000,"52.26091545731617,104.20775768761752;52.25907324221895,104.20787074067098;52.258202933336,104.21034347622376;52.25917477297721,104.21270322151821;52.26101695412436,104.2125903700859;52.261887329582336,104.21011757174102",0
8925716e077ffff,2,950.0,950.0,600,1300,"52.26644209630289,104.20741847243883;52.264599884361964,104.2075315535026;52.26372952613249,104.21000460550854;52.26470131327136,104.21236463926364;52.26654349126357,104.21225175987138;52.26741391606757,104.20977864505554",0
8925716e087ffff,1,25000.0,25000.0,25000,25000,"52.28020800600753,104.20415259887749;52.278365785139854,104.2042658509163;52.27749534555936,104.20673978989501;52.278467060275375,104.20910053970931;52.280309247203526,104.20898748947465;52.281179753357144,104.20651348762459",0
8925716e08fffff,3,460666.6666666667,442000.0,240000,700000,"52.27739395262034,104.20190511192958;52.27555171316112,104.20201845083083;52.27468134015373,104.20449232693011;52.27565314003446,104.20685292701062;52.27749534555936,104.20673978989501;52.278365785139854,104.2042658509163",0
8925716e0abffff,4,8853.75,9497.5,835,15585,"52.27478268316964,104.20932661216517;52.27294049299971,104.20943963438872;52.272070018868895,104.21191306575625;52.27304166833589,104.2142735377229;52.274883824553214,104.21416071723978;52.27575436525813,104.21168722305265",1
8925716e0afffff,2,17715.0,17715.0,430,35000,"52.274883824553214,104.21416071723978;52.27304166833589,104.2142735377229;52.27217111038277,104.21674677813428;52.273142642074376,104.21910726085122;52.27498476432732,104.21899464209515;52.27585538885502,104.21652133889816",1
8925716e0b7ffff,2,400.0,400.0,300,500,"52.28041028673192,104.2138221998713;52.278568133755044,104.21393504831514;52.27769752647603,104.21640860531377;52.278669005601735,104.21876937667504;52.28051112461555,104.21865673000866;52.281381798468686,104.21618311020663",0
8925716e0bbffff,3,68866.66666666667,50700.0,25400,130500,"52.27749534555936,104.20673978989501;52.27565314003446,104.20685292701062;52.27478268316964,104.20932661216517;52.27575436525813,104.21168722305265;52.27759653683697,104.21157428770934;52.278467060275375,104.20910053970931",0
8925716e11bffff,2,3375.0,3375.0,250,6500,"52.27247317553368,104.23124683366223;52.27063113663808,104.23135893427084;52.26976031014547,104.23383134797292;52.27073145597394,104.23619172372737;52.27257346086335,104.23607982477382;52.27344435393246,104.23360734841383",1
8925716e127ffff,2,186500.0,186500.0,130000,243000,"52.27016004388114,104.2531606585871;52.268318156512386,104.253271838081;52.26744697809581,104.255743233883;52.268417620471126,104.25810351269047;52.27025947378022,104.25799253476613;52.27113071877565,104.25552107646784",6
8925716e133ffff,1,85000.0,85000.0,85000,85000,"52.27277342707916,104.24574526554842;52.27093149023732,104.24585676123203;52.27006041259105,104.24832860175965;52.27103120521066,104.25068900916285;52.272873108011105,104.25057771509412;52.2737442522353,104.24810581201041",0
8925716e137ffff,1,800.0,800.0,800,800,"52.272873108011105,104.25057771509412;52.27103120521066,104.25068900916285;52.27016004388114,104.2531606585871;52.27113071877565,104.25552107646784;52.272972587522936,104.25540998400056;52.27384381543087,104.25293827205418",2
8925716e143ffff,5,126260.0,19500.0,600,310500,"52.26684646682915,104.2267505411556;52.26500439075367,104.22686281561344;52.264133697414046,104.22933510397537;52.26510501357537,104.23169518055667;52.26694705565511,104.2315831077169;52.26781781557123,104.22911075668083",2
8925716e153ffff,3,15886.666666666666,600.0,500,46560,"52.26955923447337,104.2241656099478;52.2677171429932,104.2242779991406;52.26684646682915,104.2267505411556;52.26781781557123,104.22911075668083;52.269659873062196,104.228998569138;52.27053061580228,104.22652596442303",1
8925716e157ffff,1,500.0,500.0,500,500,"52.269659873062196,104.228998569138;52.26781781557123,104.22911075668083;52.26694705565511,104.2315831077169;52.26791828665546,104.23394333387921;52.26976031014547,104.23383134797292;52.27063113663808,104.23135893427084",0
8925716e15bffff,5,262000.0,50000.0,25000,700000,"52.26674567650381,104.22191779428846;52.26490356644436,104.22203027037774;52.26403295685629,104.22450274968467;52.26500439075367,104.22686281561344;52.26684646682915,104.2267505411556;52.2677171429932,104.2242779991406",25
8925716e187ffff,1,60000.0,60000.0,60000,60000,"52.28091246016065,104.23799304679018;52.27907047711659,104.23810488648047;52.278199450894455,104.24057748813195;52.27917034114182,104.24293831272975;52.28101229016411,104.24282667474998;52.28188338296276,104.24035401046494",0
8925716e1a3ffff,1,100000.0,100000.0,100000,100000,"52.27829923118305,104.24541072324382;52.27645729755586,104.24552224655547;52.27558617045522,104.2479944033358;52.27655691040632,104.25035509938125;52.278398809993405,104.25024377773488;52.27927000367151,104.24777155838079",1
8925716e1a7ffff,1,105000.0,105000.0,105000,105000,"52.278398809993405,104.25024377773488;52.27655691040632,104.25035509938125;52.275685699604175,104.25282706501291;52.27665632181317,104.25518777154099;52.27849818734847,104.25507665154639;52.27936946472853,104.25260462337498",4
8925716e1b7ffff,1,12500.0,12500.0,12500,12500,"52.28111191866022,104.24766012209817;52.27927000367151,104.24777155838079;52.278398809993405,104.25024377773488;52.27936946472853,104.25260462337498;52.281211345671935,104.25249338877609;52.2820826059275,104.25002110685641",7
8925716e1cbffff,1,50.0,50.0,50,50,"52.272272000316285,104.22158031028376;52.270429893443605,104.22169281424262;52.26955923447337,104.2241656099478;52.27053061580228,104.22652596442303;52.272372688692265,104.22641366214596;52.27324341423803,104.22394080371495",0
8925716e1cfffff,1,500.0,500.0,500,500,"52.272372688692265,104.22641366214596;52.27053061580228,104.22652596442303;52.269659873062196,104.228998569138;52.27063113663808,104.23135893427084;52.27247317553368,104.23124683366223;52.27334398484975,104.22877416625539",0
8925716e2a3ffff,1,480.0,480.0,480,480,"52.25789738316626,104.19584552616999;52.256055081678454,104.19595906927046;52.25518500699182,104.19843212355069;52.256157167220984,104.20079169760162;52.25799943478747,104.20067835613045;52.25886957604809,104.19820523898211",0
8925716e307ffff,1,60000.0,60000.0,60000,60000,"52.252980373308766,104.22517677866736;52.25113827242526,104.22528908437346;52.25026774452153,104.22776067762453;52.25123925092588,104.23012002781935;52.25308131781623,104.23000792361219;52.25395191229737,104.22753626771431",4
8925716e317ffff,1,450.0,450.0,450,450,"52.25569300040455,104.22259251153375;52.25385088407488,104.2227049319149;52.252980373308766,104.22517677866736;52.25395191229737,104.22753626771431;52.2557939946404,104.22742404886392;52.256664571983436,104.22495213943887",0
8925716e31bffff,2,39950.0,39950.0,9900,70000,"52.252777880002846,104.21551394830739;52.2509357111683,104.21562665705142;52.250065350710905,104.21809863192118;52.25103709251367,104.2204579607646;52.25287922737858,104.2203454535462;52.25374965441239,104.21787341596183",0
8925716e323ffff,1,50000.0,50000.0,50000,50000,"52.25036863932492,104.23259143022715;52.24852658789948,104.2327034198222;52.24765595919695,104.235174568777;52.24862731534353,104.23753379072691;52.25046933275756,104.23742200258563;52.251340028038406,104.23495079104372",0
8925716e383ffff,1,900.0,900.0,900,900,"52.26111824939984,104.21742287246457;52.25927610221449,104.21753552228907;52.25840562577837,104.22000787615555;52.259377229953664,104.22236764292484;52.26121934316545,104.22225519469478;52.26208988617752,104.21978277810403",0
8925716e397ffff,1,99000.0,99000.0,99000,99000,"52.26393201480537,104.21967021513753;52.26208988617752,104.21978277810403;52.26121934316545,104.22225519469478;52.26219086220722,104.22461511103823;52.26403295685629,104.22450274968467;52.26490356644436,104.22203027037774",0
8925716e3a7ffff,1,40000.0,40000.0,40000,40000,"52.25870815339319,104.23450312472373;52.256866123605086,104.23461505516326;52.25599537884836,104.23708658278872;52.256966597303816,104.23944624257439;52.25880859307657,104.23933451365734;52.25967940441121,104.23686292343521",2
8925716e3abffff,2,41000.0,41000.0,10000,72000,"52.2557939946404,104.22742404886392;52.25395191229737,104.22753626771431;52.25308131781623,104.23000792361219;52.25405273910272,104.23236742330144;52.255894787447374,104.23225540596846;52.25676544850591,104.22978368743189",2
8925716e3afffff,4,32611.25,30062.5,320,70000,"52.255894787447374,104.23225540596846;52.25405273910272,104.23236742330144;52.253182060923876,104.23483888832213;52.25415336451381,104.23719839861766;52.25599537884836,104.23708658278872;52.256866123605086,104.23461505516326",1
8925716e3cfffff,1,480.0,480.0,480,480,"52.252676331158725,104.21068226300953;52.25083412836623,104.21079517329251;52.249963851657995,104.2132673389377;52.2509357111683,104.21562665705142;52.252777880002846,104.21551394830739;52.25364822328705,104.21304171991369",0
8925716e84bffff,4,28450.0,21150.0,1500,70000,"52.24574239587349,104.27639058933927;52.24390064793862,104.27650073905741;52.24302931655972,104.27896985393;52.243999666534684,104.28132888135197;52.24584138035132,104.28121893291667;52.24671277831322,104.27874975577966",4
8925716e8a7ffff,2,155835.0,155835.0,84000,227670,"52.260095990872315,104.30212613278769;52.258254438366436,104.30223524313253;52.257382523653455,104.30470409563306;52.258352094864016,104.30706389991374;52.260193613190395,104.30695499090335;52.26106559448769,104.30448607628092",1
8925716e8b7ffff,1,100000.0,100000.0,100000,100000,"52.26280945675187,104.29954780236417;52.26096788871346,104.29965702690465;52.260095990872315,104.30212613278769;52.26106559448769,104.30448607628092;52.26290712835309,104.30437705310682;52.2637790927781,104.30190788507619",1
8925716e90bffff,2,127500.0,127500.0,55000,200000,"52.25215033356665,104.31951409861357;52.250308896141064,104.31962246409326;52.24943676416905,104.32209017421727;52.25040600303811,104.32444958084169;52.25224740624132,104.32434141657387;52.25311960479983,104.32187364447286",1
8925716e90fffff,1,45000.0,45000.0,45000,45000,"52.25224740624132,104.32434141657387;52.25040600303811,104.32444958084169;52.24953378771568,104.32691709970604;52.250502909011495,104.32927651624887;52.2523442779806,104.32916855317949;52.253216559889964,104.32670097237197",0
8925716e913ffff,1,80000.0,80000.0,80000,80000,"52.257674639735995,104.31918894851036;52.25583320536793,104.31929734082323;52.254961023591534,104.32176536619804;52.2559302095991,104.32412506125756;52.25777160974601,104.32401687020683;52.258643858108506,104.32154878283752",2
8925716e917ffff,3,16649.333333333332,1000.0,900,48048,"52.25777160974601,104.32401687020683;52.2559302095991,104.32412506125756;52.25505794445406,104.3265928953274;52.25602701287148,104.32895260031019;52.25786837878558,104.32884461050809;52.258740710517095,104.32637671447766",4
8925716e91bffff,5,64200.0,50000.0,1000,160000,"52.25486390176459,104.31693765572285;52.253022448756965,104.31704613524148;52.25215033356665,104.31951409861357;52.25311960479983,104.32187364447286;52.254961023591534,104.32176536619804;52.25583320536793,104.31929734082323",1
8925716e923ffff,1,1200.0,1200.0,1200,1200,"52.25244094880749,104.33399550837211;52.25059961408418,104.3341032702566;52.24972723211288,104.3365704065346;52.250696118279116,104.33892984280658;52.25253741874493,104.33882228209345;52.253409867304015,104.33635508394006",3
8925716e937ffff,3,17333.0,19000.0,12999,20000,"52.2552511833778,104.33624740931548;52.253409867304015,104.33635508394006;52.25253741874493,104.33882228209345;52.25350621967384,104.34118186749247;52.25534750148493,104.34107439405759;52.25622001663178,104.33860713403706",6
8925716e93bffff,1,1200.0,1200.0,1200,1200,"52.2523442779806,104.32916855317949;52.250502909011495,104.32927651624887;52.249630610355965,104.33174384383125;52.25059961408418,104.3341032702566;52.25244094880749,104.33399550837211;52.253313314050374,104.33152811888048",0
8925716e98bffff,1,40000.0,40000.0,40000,40000,"52.260388254644326,104.31661216344273;52.2585468047121,104.31672066982462;52.257674639735995,104.31918894851036;52.258643858108506,104.32154878283752;52.26048527382611,104.32144047774966;52.26135750538782,104.31897213704372",2
8925716e98fffff,2,28000.0,28000.0,19000,37000,"52.26048527382611,104.32144047774966;52.258643858108506,104.32154878283752;52.25777160974601,104.32401687020683;52.258740710517095,104.32637671447766;52.260582092008356,104.32626861067028;52.261454406956865,104.32380046131472",0
8925716e993ffff,1,15000.0,15000.0,15000,15000,"52.26591259822913,104.31628659055289;52.26407115140667,104.316395123808;52.26319893666395,104.31886371788777;52.26416810216046,104.32122384075316;52.26600951476957,104.32111550884234;52.26688179609746,104.31864685272491",3
8925716e99bffff,2,85000.0,85000.0,85000,85000,"52.263101868286164,104.31403501092701;52.261260402801916,104.31414363140885;52.260388254644326,104.31661216344273;52.26135750538782,104.31897213704372;52.26319893666395,104.31886371788777;52.26407115140667,104.316395123808",2
8925716e9abffff,2,71500.0,71500.0,23000,120000,"52.25786837878558,104.32884461050809;52.25602701287148,104.32895260031019;52.25515466437516,104.33142024305263;52.25612361520803,104.3337799579228;52.257964946877635,104.33367216935578;52.258837361960836,104.33120446468665",2
8925716e9bbffff,3,28600.0,28800.0,27000,30000,"52.260582092008356,104.32626861067028;52.258740710517095,104.32637671447766;52.25786837878558,104.32884461050809;52.258837361960836,104.33120446468665;52.26067870921409,104.33109656214623;52.261551107532064,104.32862860416343",4
8925716e9cfffff,1,30000.0,30000.0,30000,30000,"52.2547665789503,104.31210976396022;52.25292509173849,104.31221844473612;52.25205305993366,104.31468659935689;52.253022448756965,104.31704613524148;52.25486390176459,104.31693765572285;52.255736000155075,104.3144694390655",1
8925716e9dbffff,1,1200.0,1200.0,1200,1200,"52.257382523653455,104.30470409563306;52.25554098669229,104.3048130918133;52.254669055125696,104.30728169096852;52.25563859393747,104.30964135604273;52.25748009671267,104.30953256116511;52.258352094864016,104.30706389991374",3
8925716ea03ffff,1,158000.0,158000.0,158000,158000,"52.234592503029006,104.27222403454685;52.232750715018966,104.27233433094072;52.231879566485865,104.27480300579727;52.2328501393813,104.27716144652616;52.23469189328219,104.27705135132817;52.23556310839876,104.27458261420846",0
8925716ea23ffff,1,60000.0,60000.0,60000,60000,"52.232078047242304,104.28445667451042;52.230236343058046,104.28456645435372;52.22936501075477,104.28703449427515;52.23033531605283,104.28939281652609;52.23217698609802,104.28928323781997;52.23304838498616,104.28681513572882",0
8925716ea37ffff,1,11550.0,11550.0,11550,11550,"52.23489007063364,104.28670544288227;52.23304838498616,104.28681513572882;52.23217698609802,104.28928323781997;52.23314720627452,104.2916417092293;52.234988857777715,104.29153221753835;52.235860323250684,104.28906405328556",1
8925716ea3bffff,1,95000.0,95000.0,95000,95000,"52.2319789073792,104.2796299304834;52.23013716906762,104.27973991147735;52.22926592019825,104.28220814230917;52.230236343058046,104.28456645435372;52.232078047242304,104.28445667451042;52.23294936269606,104.281988381475",0
8925716ea77ffff,2,18000.0,18000.0,1000,35000,"52.229166628640485,104.27738160967503;52.22732487180825,104.27749167762816;52.22645368952328,104.27995984624822;52.22742419748814,104.28231800913004;52.22926592019825,104.28220814230917;52.23013716906762,104.27973991147735",2
8925716eaabffff,1,70000.0,70000.0,70000,70000,"52.23750411642579,104.27929993305408;52.235662381062134,104.2794099412729;52.23479108247611,104.28187848745942;52.23576145267179,104.28423708765139;52.23760315390939,104.28412728063343;52.23847451907934,104.28165867222572",1
8925716eabbffff,2,306250.0,306250.0,200000,412500,"52.24021714906095,104.27672101122634;52.238375398125854,104.27683113367937;52.23750411642579,104.27929993305408;52.23847451907934,104.28165867222572;52.240316235894895,104.28154875100536;52.241187584178405,104.27907988938377",2
8925716eb1bffff,2,7500.0,7500.0,3000,12000,"52.235185829117064,104.30118522431668;52.233344245937516,104.30129431373679;52.23247259685011,104.30376184286048;52.23344246435803,104.3061203446272;52.23528401335817,104.30601145632235;52.23615572903174,104.3035438651386",7
8925716eb47ffff,9,260826.66666666666,110600.0,1000,1146670,"52.22966107664583,104.30151246558079;52.22781949054134,104.30162152800688;52.22694789126203,104.3040887420196;52.227917811502564,104.30644695565186;52.2297593634264,104.30633809429085;52.23063102929235,104.30387081823557",5
8925716eb4fffff,1,30000.0,30000.0,30000,30000,"52.22684945276713,104.29926332445295;52.225007848126786,104.29937247391085;52.22413631543413,104.30183962587286;52.225106320797124,104.30419769043074;52.22694789126203,104.3040887420196;52.22781949054134,104.30162152800688",0
8925716eb57ffff,1,80000.0,80000.0,80000,80000,"52.232374260879034,104.29893582205335;52.23053265914709,104.2990449985253;52.22966107664583,104.30151246558079;52.23063102929235,104.30387081823557;52.23247259685011,104.30376184286048;52.233344245937516,104.30129431373679",3
8925716eb63ffff,3,29999.666666666668,15000.0,3999,71000,"52.22704612887631,104.30891397867583;52.225204592598544,104.30902272605371;52.224332893230155,104.31148949608347;52.22530266355397,104.31384758072147;52.22714416563287,104.3137390343634;52.22801593158878,104.31127220235061",2
8925716eb67ffff,1,60000.0,60000.0,60000,60000,"52.22714416563287,104.3137390343634;52.22530266355397,104.31384758072147;52.22443088087367,104.3163141597515;52.22540053368629,104.31867225437577;52.22724200155464,104.31856390902406;52.22811385082289,104.3160972680448",2
8925716eb6fffff,1,11000.0,11000.0,11000,11000,"52.224332893230155,104.31148949608347;52.22249137261066,104.31159812950916;52.22161965651834,104.31406464658176;52.2225893944595,104.31642259218918;52.22443088087367,104.3163141597515;52.22530266355397,104.31384758072147",0
8925716eb73ffff,2,68750.0,68750.0,52500,85000,"52.2297593634264,104.30633809429085;52.227917811502564,104.30644695565186;52.22704612887631,104.30891397867583;52.22801593158878,104.31127220235061;52.22985744932026,104.3111635420412;52.23072919853359,104.30869645700852",0
8925716eb8fffff,3,340200.0,300000.0,600,720000,"52.24080865445002,104.3056847375023;52.23896710840797,104.305793652761;52.23809532614823,104.30826130599661;52.23906502334635,104.31062010602028;52.24090653519856,104.31051139191355;52.24177838404443,104.30804367663426",0
8925716ebcfffff,3,256966.66666666666,70000.0,900,700000,"52.235087443931214,104.29635881136925;52.23324582658399,104.29646810191807;52.232374260879034,104.29893582205335;52.233344245937516,104.30129431373679;52.235185829117064,104.30118522431668;52.23605746140777,104.2987174420875",4
8925716ec27ffff,2,1800.0,1800.0,1800,1800,"52.27085182524687,104.28697999494298;52.26901017654217,104.28708976373191;52.26813841295266,104.28955982125782;52.26910823148779,104.29192017225664;52.270949846050705,104.2918106049432;52.271821676222274,104.28934048515852",0
8925716ec37ffff,1,1800.0,1800.0,1800,1800,"52.273565236055845,104.28439980073392;52.27172357187384,104.28450968387446;52.27085182524687,104.28697999494298;52.271821676222274,104.28934048515852;52.27366330626902,104.28923080352531;52.274535119477584,104.28676043017231",4
8925716ec4bffff,3,60933.333333333336,65000.0,19000,98800,"52.264733910685564,104.25832544105;52.262892054216785,104.2584363914875;52.26202084168087,104.26090728015636;52.26299141903598,104.26326728083552;52.26483324143206,104.26315653190386;52.26570452054776,104.26068558079027",10
8925716ec87ffff,3,31600.0,25440.0,17760,51600,"52.28160703933343,104.27182464761201;52.279765294688644,104.27193507561034;52.27889368267401,104.27440633882527;52.279863748726356,104.27676723644078;52.28170545926714,104.27665701005898;52.28257713786158,104.27418568444824",5
8925716ec97ffff,1,50000.0,50000.0,50000,50000,"52.28432039436158,104.26924258818819;52.282478634294776,104.26935313069433;52.28160703933343,104.27182464761201;52.28257713786158,104.27418568444824;52.284418863830915,104.27407534359057;52.28529052537157,104.2716037642513",9
8925716eca3ffff,1,2000.0,2000.0,2000,2000,"52.27899205309643,104.27923830836016;52.27715035799636,104.27934842029714;52.27627864534917,104.28181923856238;52.2772485612233,104.28418000722979;52.27909022220114,104.28407009686399;52.27996200142902,104.28159921626268",30
8925716eca7ffff,11,96969.09090909091,32000.0,650,390000,"52.27909022220114,104.28407009686399;52.2772485612233,104.28418000722979;52.27637676499595,104.28665063418833;52.277346563167235,104.28901141308627;52.279188190011084,104.28890170427817;52.28006005281959,104.28643101501751",24
8925716ecafffff,4,203687.5,152500.0,9500,500250,"52.27627864534917,104.28181923856238;52.27443696570203,104.28192923608562;52.273565236055845,104.28439980073392;52.274535119477584,104.28676043017231;52.27637676499595,104.28665063418833;52.2772485612233,104.28418000722979",8
8925716ecb3ffff,1,504000.0,504000.0,504000,504000,"52.28170545926714,104.27665701005898;52.279863748726356,104.27676723644078;52.27899205309643,104.27923830836016;52.27996200142902,104.28159921626268;52.28180367785408,104.28148919148397;52.28267544006425,104.27901805720275",22
8925716ecb7ffff,3,87571.66666666667,55000.0,27500,180215,"52.28180367785408,104.28148919148397;52.27996200142902,104.28159921626268;52.27909022220114,104.28407009686399;52.28006005281959,104.28643101501751;52.281901695117206,104.28632119182842;52.282773540925795,104.28385024889926",38
8925716ecd3ffff,5,28982.0,500.0,300,143160,"52.27849818734847,104.25507665154639;52.27665632181317,104.25518777154099;52.27578502732686,104.25765954600135;52.276755531799395,104.26002026297603;52.278597363271096,104.25990934461984;52.27946872433583,104.25743750765365",3
8925716ecd7ffff,1,500.0,500.0,500,500,"52.278597363271096,104.25990934461984;52.276755531799395,104.26002026297603;52.27588415364623,104.26249184624251;52.2768545403879,104.26485257362775;52.2786963377843,104.26474185689653;52.27956778251634,104.2622702111582",1
8925716ecdbffff,2,450.0,450.0,350,550,"52.275685699604175,104.25282706501291;52.27384381543087,104.25293827205418;52.272972587522936,104.25540998400056;52.27394317721191,104.25777055142271;52.27578502732686,104.25765954600135;52.27665632181317,104.25518777154099",0
8925716ed0bffff,2,125000.0,125000.0,100000,150000,"52.2711452840587,104.30147128153483;52.269303737814475,104.30158044593774;52.26843172369657,104.30404992957892;52.26940118924146,104.30641031097721;52.27124270130873,104.3063013480093;52.272114782010014,104.30383180221119",1
8925716ed13ffff,12,266854.1666666667,107000.0,1200,837900,"52.27666991643405,104.3011437342401;52.2748283733723,104.3012529256871;52.27395630958064,104.30372272501926;52.274925722269764,104.30608339508196;52.27676723115587,104.30597440512028;52.27763936153047,104.30350454361366",15
8925716ed17ffff,2,26000.0,26000.0,12000,40000,"52.27676723115587,104.30597440512028;52.274925722269764,104.30608339508196;52.27405357498509,104.30855300302883;52.275022870005124,104.31091368315768;52.27686434470386,104.31080489466784;52.2777365585719,104.30833522458043",2
8925716ed1bffff,2,13475.0,13475.0,1950,25000,"52.273858843008455,104.29889226572648;52.2720172812674,104.29900154438535;52.2711452840587,104.30147128153483;52.272114782010014,104.30383180221119;52.27395630958064,104.30372272501926;52.2748283733723,104.3012529256871",2
8925716ed23ffff,2,24600.0,24600.0,900,48300,"52.27143693241576,104.31596093702339;52.269595488737494,104.31606949716172;52.26872322424723,104.31853840671585;52.26969233685251,104.32089881818992;52.27153374631869,104.32079045944616;52.27240607739364,104.31832148783685",0
8925716ed33ffff,4,25475.0,20500.0,900,60000,"52.27415063924478,104.31338309969682;52.27230918005018,104.31349177399537;52.27143693241576,104.31596093702339;52.27240607739364,104.31832148783685;52.27424750238265,104.31821301496473;52.275119816601325,104.3157437898558",1
8925716ed3bffff,1,110000.0,110000.0,110000,110000,"52.27133991742009,104.31113123319165;52.26949843954147,104.31123999473799;52.268626258491324,104.31370909567693;52.269595488737494,104.31606949716172;52.27143693241576,104.31596093702339;52.27230918005018,104.31349177399537",1
8925716ed57ffff,2,114000.0,114000.0,63000,165000,"52.27104766564702,104.29664103382663;52.26920608523756,104.29675039967807;52.2683341546118,104.29922007463665;52.269303737814475,104.30158044593774;52.2711452840587,104.30147128153483;52.2720172812674,104.29900154438535",1
8925716ed67ffff,7,53571.42857142857,25000.0,10000,160000,"52.265815480631105,104.311457490895;52.263973999606996,104.31156622550783;52.263101868286164,104.31403501092701;52.26407115140667,104.316395123808;52.26591259822913,104.31628659055289;52.26678479613469,104.31381774306215",2
8925716ed6fffff,2,28500.0,28500.0,22000,35000,"52.26300459885688,104.30920612264721;52.26116309917617,104.30931494446847;52.260291034440094,104.31178366780784;52.261260402801916,104.31414363140885;52.263101868286164,104.31403501092701;52.263973999606996,104.31156622550783",3
8925716ed77ffff,4,39675.0,31600.0,12000,83500,"52.26852909164875,104.30887960327847;52.26668759509697,104.30898845205336;52.265815480631105,104.311457490895;52.26678479613469,104.31381774306215;52.268626258491324,104.31370909567693;52.26949843954147,104.31123999473799",7
8925716ed7bffff,2,37500.0,37500.0,35000,40000,"52.26562064217035,104.30179874770731;52.2637790927781,104.30190788507619;52.26290712835309,104.30437705310682;52.26387664673845,104.30673714591111;52.2657181619525,104.30662820992698;52.26659019296136,104.30415897975692",3
8925716ed83ffff,11,54606.36363636364,27000.0,1800,247170,"52.28219453919321,104.30081610579298;52.28035299934834,104.30092532429414;52.27948088590207,104.30339543939776;52.28045024572016,104.30575639819536;52.282291751390666,104.30564738122987;52.28316393141943,104.30317720393423",4
8925716ed87ffff,2,75775.0,75775.0,1550,150000,"52.282291751390666,104.30564738122987;52.28045024572016,104.30575639819536;52.27957804876262,104.30822632186829;52.28054729089469,104.3105872907369;52.28238876237914,104.3104784752936;52.283261025919565,104.30800848946255",4
8925716ed8bffff,12,61905.416666666664,22905.0,1155,200000,"52.279383521838575,104.29856437560358;52.27754196329785,104.29867368133671;52.27666991643405,104.3011437342401;52.27763936153047,104.30350454361366;52.27948088590207,104.30339543939776;52.28035299934834,104.30092532429414",12
8925716ed93ffff,4,98500.0,46250.0,1500,300000,"52.284908190998934,104.29823640423771;52.28306663569295,104.2983457370552;52.28219453919321,104.30081610579298;52.28316393141943,104.30317720393423;52.28500545255758,104.30306807268433;52.28587761563933,104.3005976417287",12
8925716ed97ffff,2,18500.0,18500.0,15000,22000,"52.28500545255758,104.30306807268433;52.28316393141943,104.30317720393423;52.282291751390666,104.30564738122987;52.283261025919565,104.30800848946255;52.28510251287815,104.30789955976675;52.28597475948938,104.30542932028727",6
8925716ed9bffff,6,15409.5,7500.0,1000,60000,"52.2820971257638,104.29598464904144;52.28025555175629,104.29609406909178;52.279383521838575,104.29856437560358;52.28035299934834,104.30092532429414;52.28219453919321,104.30081610579298;52.28306663569295,104.2983457370552",4
8925716eda3ffff,1,700.0,700.0,700,700,"52.27967501044329,104.31305702295668;52.27783355444516,104.31316572417859;52.276961257100986,104.31563520282431;52.277930349173175,104.31799604234963;52.279771770967,104.31788754260448;52.28064413489496,104.31541800186034",4
8925716eda7ffff,4,42162.5,36825.0,15000,80000,"52.279771770967,104.31788754260448;52.277930349173175,104.31799604234963;52.27705796837024,104.32046532953122;52.27802694277894,104.3228261790352;52.27986833035679,104.32271788075323;52.2807407777439,104.32024853150722",13
8925716edafffff,5,39400.0,33000.0,1800,76800,"52.276961257100986,104.31563520282431;52.275119816601325,104.3157437898558;52.27424750238265,104.31821301496473;52.27521656208139,104.32057371511792;52.27705796837024,104.32046532953122;52.277930349173175,104.31799604234963",3
8925716edbbffff,8,65937.5,55000.0,1500,190000,"52.27957804876262,104.30822632186829;52.2777365585719,104.30833522458043;52.27686434470386,104.31080489466784;52.27783355444516,104.31316572417859;52.27967501044329,104.31305702295668;52.28054729089469,104.3105872907369",3
8925716edc3ffff,1,700.0,700.0,700,700,"52.27647468337707,104.29148184871563;52.27463307199919,104.29159144317379;52.27376117524556,104.29406162520901;52.274730823289765,104.29642227503155;52.27657240051545,104.29631288208572;52.2774443638511,104.29384263780808",3
8925716edcbffff,3,17670.0,19000.0,1900,32110,"52.27366330626902,104.28923080352531;52.271821676222274,104.28934048515852;52.270949846050705,104.2918106049432;52.27191957934581,104.29417110534831;52.27376117524556,104.29406162520901;52.27463307199919,104.29159144317379",36
8925716edcfffff,2,26000.0,26000.0,26000,26000,"52.27376117524556,104.29406162520901;52.27191957934581,104.29417110534831;52.27104766564702,104.29664103382663;52.2720172812674,104.29900154438535;52.273858843008455,104.29889226572648;52.274730823289765,104.29642227503155",7
8925716edd7ffff,1,256880.0,256880.0,256880,256880,"52.27928595654924,104.2937331305442;52.2774443638511,104.29384263780808;52.27657240051545,104.29631288208572;52.27754196329785,104.29867368133671;52.279383521838575,104.29856437560358;52.28025555175629,104.29609406909178",14
8925716eddbffff,7,264771.4285714286,55000.0,24000,1560000,"52.27637676499595,104.28665063418833;52.274535119477584,104.28676043017231;52.27366330626902,104.28923080352531;52.27463307199919,104.29159144317379;52.27647468337707,104.29148184871563;52.277346563167235,104.28901141308627",29
8925716ee03ffff,1,2100.0,2100.0,2100,2100,"52.2535830198138,104.2541609436409;52.251741123065315,104.254272040554;52.250870093237886,104.25674248840633;52.251840893580656,104.25910190179202;52.25368275626556,104.25899100629756;52.254553852673254,104.25652049600187",4
8925716ee07ffff,1,80000.0,80000.0,80000,80000,"52.25368275626556,104.25899100629756;52.251840893580656,104.25910190179202;52.25096978015983,104.26157215866552;52.2519404628452,104.26393158245715;52.25378229145478,104.2638208883679;52.25465347145632,104.26135056908494",3
8925716ee27ffff,1,35000.0,35000.0,35000,35000,"52.25116855032625,104.27123095733913;52.249326771320746,104.27134133567907;52.248455473805826,104.273810957165;52.249425888716296,104.27617026262995;52.25126763361655,104.27606008563653;52.25213899771357,104.27359040183471",1
8925716ee3bffff,1,87000.0,87000.0,87000,87000,"52.25096978015983,104.26157215866552;52.249127932978936,104.26168293973886;52.24825680256325,104.26415294322733;52.24922745274926,104.26651222802923;52.251069265848336,104.26640164832929;52.2519404628452,104.26393158245715",7
8925716eec7ffff,1,32000.0,32000.0,32000,32000,"52.25619595752386,104.24674839534205;52.25435401124474,104.24685980820303;52.25348308207665,104.24933070045651;52.25445403261035,104.25169024235505;52.256295944844155,104.25157903095796;52.257166940591524,104.24910807620145",4
89257174347ffff,1,1500.0,1500.0,1500,1500,"52.46035485026776,104.21976373273827;52.45851294013073,104.21987678365834;52.457640444852366,104.22236000004555;52.458609793151936,104.22473022878053;52.46045166932913,104.22461738123897;52.461324231168554,104.22213410158702",0
89257175803ffff,1,200.0,200.0,200,200,"52.427297678624534,104.22664720611535;52.42545577684013,104.22675988538526;52.424583490184965,104.22924099627446;52.425553038751964,104.23160949101948;52.42739490655631,104.23149701480885;52.4282672597757,104.22901584079693",0
